Workbook

Sheet Highway
B1: Sales by Sections | H1: Sales by Order Type | N1: Sales by Category | W1: Daily and Hourly Sales (TBD)
B2: Total Bill Count | C2: Net Sales | D2: Remaining | E2: Skip | F2: DD | G2: Uber | H2: Take Out | I2: Delivery | J2: Bar Tab | K2: Dine-In | L2: Online Order | M2: Net Sales | N2: Chickentarian | O2: Drinks | P2: Food (Pizza K) | Q2: Food Court | R2: Food Highway | S2: Kabab Wala | T2: Smash Ox Burger | U2: Uncategorized | V2: Net Sales | W2: 8AM - 11AM | X2: 11AM - 3PM | Y2: 3PM - 6PM | Z2: 6PM - 11PM | AA2: 11PM-7AM
A3: Dec 30 - Jan 05 2025
A4: Jan 06 - Jan 12 2025
A5: Jan 13 - Jan 19 2025
A6: Jan 20 - Jan 26 2025
A7: Jan 27 - Feb 02 2025
A8: Feb 03 - Feb 09 2025 | C8: 11861.51 | D8: 9636.07 | E8: 155.86 | F8: 19.17 | G8: 2050.41 | H8: 2953.18 | I8: 0 | J8: 132.96 | K8: 6549.93 | L8: 2225.44 | M8: 11861.51 | N8: 27.98 | O8: 77.45 | P8: 4161.14 | Q8: 0 | R8: 7594.94 | S8: 0 | U8: 0 | V8: 11861.51
A9: Feb 10 - Feb 16 2025 | C9: 13261.22 | D9: 10552.83 | E9: 103.06 | F9: 34.5 | G9: 2570.83 | H9: 3565.24 | I9: 0 | J9: 22 | K9: 6965.61 | L9: 2708.39 | M9: 13261.24 | N9: 41.97 | O9: 39.95 | P9: 3813.5 | Q9: 0 | R9: 9365.82 | S9: 0 | U9: 0 | V9: 13261.24 | W9: 0 | X9: 2199.32 | Y9: 1984.54 | Z9: 7733.3 | AA9: 1344.06
A10: Feb 17 - Feb 23 2025 | C10: 13844.9 | D10: 11974.8 | E10: 157.5 | F10: 41.68 | G10: 1670.92 | H10: 3836.29 | I10: 0 | J10: 123.65 | K10: 8014.86 | L10: 1870.1 | M10: 13844.9 | N10: 83.94 | O10: 69.75 | P10: 4216.31 | Q10: 0 | R10: 9474.9 | S10: 0 | U10: 0 | V10: 13844.9 | W10: 0 | X10: 1769.57 | Y10: 2832.43 | Z10: 7231 | AA10: 2011.9
A11: Feb 24 - Mar 02 2025 | C11: 12020.47 | D11: 10244.94 | E11: 185.6 | F11: 0 | G11: 1589.93 | H11: 3308.11 | I11: 0 | J11: 120.96 | K11: 6789.47 | L11: 1801.93 | M11: 12020.47 | N11: 27.98 | O11: 56.35 | P11: 3759.38 | Q11: 0 | R11: 8176.76 | S11: 0 | U11: 0 | V11: 12020.47 | W11: 0 | X11: 1231.12 | Y11: 2495.84 | Z11: 5553.74 | AA11: 2739.77
A12: Mar 03 - Mar 09 2025 | C12: 14922.09 | D12: 13909.7 | E12: 69.4 | F12: 0 | G12: 942.99 | H12: 3436.43 | I12: 0 | J12: 80.9 | K12: 10179.04 | L12: 1225.72 | M12: 14922.09 | N12: 0 | O12: 18.45 | P12: 2986.44 | Q12: 0 | R12: 11917.2 | S12: 0 | U12: 0 | V12: 14922.09 | W12: 0 | X12: 200.08 | Y12: 2720.72 | Z12: 6277.32 | AA12: 5723.97
A13: Mar 10 - Mar 16 2025 | C13: 13617.54 | D13: 12075.21 | E13: 112.79 | F13: 0 | G13: 1429.54 | H13: 2801.76 | I13: 0 | J13: 176.69 | K13: 8984.7 | L13: 1654.39 | M13: 13617.54 | N13: 27.98 | O13: 55.8 | P13: 3346.17 | Q13: 0 | R13: 10187.59 | S13: 0 | U13: 0 | V13: 13617.54 | W13: 0 | X13: 334.64 | Y13: 1714.4 | Z13: 7152.15 | AA13: 4416.35
A14: Mar 17 - Mar 23 2025 | C14: 15855.89 | D14: 13916.46 | E14: 32.4 | F14: 0 | G14: 1907.03 | H14: 2812.34 | I14: 0 | J14: 104.36 | K14: 10885.01 | L14: 2054.18 | M14: 15855.89 | N14: 27.98 | O14: 67.95 | P14: 3694.94 | Q14: 0 | R14: 12065.02 | S14: 0 | U14: 0 | V14: 15855.89 | W14: 0 | X14: 409.54 | Y14: 2584.09 | Z14: 9092.84 | AA14: 3769.42
A15: Mar 24 - Mar 30 2025 | C15: =G15+D15 | D15: =3675.92+2746+14430.35 | E15: 38.4 | F15: 0 | G15: 1816.28 | H15: 4920.34 | I15: 0 | J15: 390.73 | K15: 15088.82 | L15: 2307.07 | M15: 22706.96 | N15: 83.94 | O15: 43.75 | P15: 4700.82 | Q15: 0 | R15: 17878.45 | S15: 0 | U15: 0 | V15: 22706.96 | W15: 0 | X15: 2395.02 | Y15: 2213.4 | Z15: 13198.8 | AA15: 4899.74
A16: March 31 - April 6 | C16: 15129.21 | D16: =8263.32+3606.63+1198.69 | E16: 142.59 | F16: 88.2 | G16: 1829.78 | H16: 3126.25 | I16: 0 | J16: 0 | K16: 9557.01 | L16: 2445.95 | M16: 15129.21 | N16: 27.98 | O16: 48.75 | P16: 4050.56 | Q16: 0 | R16: 11001.92 | S16: 0 | U16: 0 | V16: 15129.21 | W16: 1915.8 | X16: 9598.38 | Y16: =923.09+2692.56 | Z16: OLD HOURS
A17: April 7 - April 13 | C17: 12415.08 | D17: =6964.46+1984.48+2516.88 | E17: 80.4 | F17: 0 | G17: 868.86 | H17: 3475.96 | I17: 0 | J17: 187.96 | K17: 7743.95 | L17: 1007.21 | M17: 12415.08 | N17: 13.99 | O17: 38.95 | P17: 4096.54 | Q17: 0 | R17: 8265.6 | S17: 0 | U17: 0 | V17: 12415.08 | W17: 0 | X17: 1486.56 | Y17: 1892.75 | Z17: 8113.16 | AA17: =195.33+727.28
A18: April 14 - April 20 | C18: 16190.69 | D18: 14342.29 | E18: 67.2 | F18: 0 | G18: 1781.2 | H18: 3426.85 | I18: 0 | J18: 334.21 | K18: 10310.6 | L18: 2119.03 | M18: 16190.69 | N18: 0 | O18: 88.03 | P18: 4493.69 | Q18: 0 | R18: 11608.97 | S18: 0 | U18: 0 | V18: 16190.69 | W18: 0 | X18: 2512.99 | Y18: 2138.3 | Z18: 9477.36 | AA18: =625.26+1436.78
A19: Apr 21 - Apr 27 | C19: 12906.22 | D19: 11142.93 | E19: 217.48 | F19: 0 | G19: 1545.81 | H19: 2696.95 | I19: 0 | J19: 245.26 | K19: 8151.67 | L19: 1812.34 | M19: 12906.22 | N19: 0 | O19: 50.5 | P19: 4039.93 | Q19: 0 | R19: 8815.79 | S19: 0 | U19: 0 | V19: =SUM(O19,P19,R19) | W19: 0 | X19: 2039.34 | Y19: 1767.52 | Z19: 7952.37 | AA19: 1146.99
A20: Apr 28 - May 4 | C20: 13772.08 | D20: 12387.89 | E20: 58.8 | F20: 0 | G20: 1325.39 | H20: 3320.75 | I20: 0 | J20: 193.37 | K20: 8617.61 | L20: 1640.35 | M20: 13772.08 | N20: 0 | O20: 79 | P20: 4515.9 | Q20: 0 | R20: 9177.18 | S20: 0 | U20: 0 | V20: 13772.08 | W20: 0 | X20: 2015.54 | Y20: 1614.67 | Z20: 8889.63 | AA20: 1252.24
A21: May 5 - May 11 | C21: 13748.61 | D21: 12562.75 | E21: 143.69 | F21: 0 | G21: 1042.17 | H21: 4251.11 | I21: 0 | J21: 61.35 | K21: 8207.09 | L21: 1229.06 | M21: 13748.61 | N21: 27.98 | O21: 45.45 | P21: 4337 | Q21: 0 | R21: 9338.18 | S21: 0 | U21: 0 | V21: 13748.61 | W21: 0 | X21: 1959.21 | Y21: 2110.99 | Z21: 8337.77 | AA21: 1340.64
A22: May 12 - May 18 | C22: 12290.66 | D22: 10739.46 | E22: 173.79 | F22: 0 | G22: 1377.41 | H22: 2481.46 | I22: 0 | J22: 103.64 | K22: 7955.27 | L22: 1750.29 | M22: 12290.66 | N22: 41.97 | O22: 74.8 | P22: 4474.7 | Q22: 0 | R22: 7699.19 | S22: 0 | U22: 0 | V22: 12290.66 | W22: 0 | X22: 1451.63 | Y22: 1778.95 | Z22: 7446.58 | AA22: 1613.5
A23: May 19 - May 25 | C23: 13981.9 | D23: 12784.11 | E23: 168.4 | F23: 0 | G23: 1029.39 | H23: 2929.15 | I23: 0 | J23: 119.45 | K23: 9620.54 | L23: 1312.76 | M23: 13981.9 | N23: 0 | O23: 33.55 | P23: 3960.45 | Q23: 0 | R23: 9987.9 | S23: 0 | U23: 0 | V23: 13981.9 | W23: 0 | X23: 1701.81 | Y23: 1595.58 | Z23: 9187.6 | AA23: 1496.91
A24: May 26 - Jun 01 | C24: 11574.64 | D24: 10118.56 | E24: 32.4 | F24: 0 | G24: 1423.68 | H24: 2701.74 | I24: 0 | J24: 128.73 | K24: 7237.72 | L24: 1506.45 | M24: 11574.64 | N24: 0 | O24: 72.95 | P24: 3957.53 | Q24: 0 | R24: 7544.16 | S24: 0 | U24: 0 | V24: 11574.64 | W24: 0 | X24: 1687.81 | Y24: 1664.01 | Z24: 6685.98 | AA24: 1536.84
A25: Jun 02 - Jun 08 | C25: 18206.2 | D25: 16664.27 | E25: 287.09 | F25: 0 | G25: 1254.84 | H25: 4400.74 | I25: 0 | J25: 89.22 | K25: 12174.31 | L25: 1541.93 | M25: 18206.2 | N25: 55.96 | O25: 105.05 | P25: 4590.87 | Q25: 0 | R25: 13454.32 | S25: 0 | U25: 0 | V25: 18206.2 | W25: 0 | X25: 3016.41 | Y25: 2613.18 | Z25: 11270.48 | AA25: 1306.13
A26: Jun 09 - Jun 15 | C26: 16528.92 | D26: 15152.84 | E26: 168.77 | F26: 27 | G26: 1180.31 | H26: 3926.92 | I26: 0 | J26: 42.89 | K26: 11156.63 | L26: 1402.48 | M26: 16528.92 | N26: 0 | O26: 103.34 | P26: 4003.24 | Q26: 0 | R26: 12422.34 | S26: 0 | U26: 0 | V26: 16528.92 | W26: 0 | X26: 2132.37 | Y26: 2058.91 | Z26: 10056.62 | AA26: 2281.02
A27: Jun 16 - Jun 22 | C27: 12195.73 | D27: 11186.54 | E27: 126.6 | F27: 0 | G27: 882.59 | H27: 3304.14 | I27: 0 | J27: 312.32 | K27: 7430.62 | L27: 1148.69 | M27: 12195.77 | N27: 0 | O27: 37.7 | P27: 3331.89 | Q27: 0 | R27: 8826.18 | S27: 0 | U27: 0 | V27: 12195.77 | W27: 0 | X27: 1563.01 | Y27: 1426.28 | Z27: 7266.42 | AA27: 1940.02
A28: Jun 23 - Jun 29 | C28: 12515.82 | D28: 11168.75 | E28: 166.8 | F28: 0 | G28: 1180.27 | H28: 2597.63 | I28: 0 | J28: 367.32 | K28: 8203.8 | L28: 1347.07 | M28: 12515.82 | N28: 0 | O28: 47.45 | P28: 3107.1 | Q28: 0 | R28: 9361.27 | S28: 0 | U28: 0 | V28: 12515.82 | W28: 0 | X28: 1398.39 | Y28: 1285.6 | Z28: 8054.27 | AA28: 1777.56
A29: Jun 30 - Jul 06 | C29: 13715.1 | D29: 12214.28 | E29: 159.9 | F29: 0 | G29: 1340.92 | H29: 3459.07 | I29: 0 | J29: 19.99 | K29: 8712.42 | L29: 1523.62 | M29: 13715.1 | N29: 0 | O29: 115.03 | P29: 3851.94 | Q29: 38 | R29: 9697.88 | S29: 12.25 | U29: 0 | V29: 13715.1 | W29: 0 | X29: 1606.08 | Y29: 1299.05 | Z29: 8671.71 | AA29: 2138.26
A30: Jul 07 - Jul 13 | C30: 10417.25 | D30: 8805.33 | E30: 191.32 | F30: 330.67 | G30: 1089.93 | H30: 1805.3 | I30: 0 | J30: 41.89 | K30: 6872.35 | L30: 1697.71 | M30: 10417.25 | N30: 0 | O30: 91.23 | P30: 3355.68 | Q30: 0 | R30: 6970.34 | S30: 0 | U30: 0 | V30: 10417.25 | W30: 0 | X30: 1286.69 | Y30: 950.58 | Z30: 6943.97 | AA30: 1236.01
A31: Jul 14 - Jul 20 | C31: 13688.31 | D31: 11860.5 | E31: 26.7 | F31: 341.74 | G31: 1459.37 | H31: 3418.86 | I31: 0 | J31: 26.48 | K31: 8415.16 | L31: 1827.81 | M31: 13688.31 | N31: 0 | O31: 169.24 | P31: 4664.19 | Q31: 0 | R31: 8836.89 | S31: 0 | U31: 17.99 | V31: 13688.31 | W31: 0 | X31: 1271.15 | Y31: 2862.91 | Z31: 8174.94 | AA31: 1379.31
... A44: Oct 13 - Oct 19 | C44: 10020.64 | D44: 8901.79 | E44: 26.4 | F44: 218.37 | G44: 874.08 | H44: 2887.67 | I44: 0 | J44: 22 | K44: 5895.79 | L44: 1215.14 | M44: 10020.6 | N44: 0 | O44: 65.8 | P44: 3467.28 | Q44: 0 | R44: 6487.52 | S44: 0 | U44: 0 | V44: 10020.6 | W44: 0 | X44: 1584.54 | Y44: 1189.87 | Z44: 6545.74 | AA44: 700.49
A45: Oct 20 - Oct 26 | B45: 196 | C45: 9135.37 | D45: 8370.62 | E45: 18 | F45: 128.7 | G45: 618.05 | H45: 618.05 | I45: 0 | J45: 97.17 | K45: 5721.76 | L45: 845.15 | M45: 9135.38 | N45: 0 | O45: 83.5 | P45: 3322.13 | Q45: 0 | R45: 5729.75 | S45: 0 | U45: 0 | V45: 9135.38 | W45: 0 | X45: 1143.14 | Y45: 1495.46 | Z45: 5394.95 | AA45: 1101.82
A46: Oct 27 - Nov 02 | B46: 232 | C46: 11249.53 | D46: 10368.78 | E46: 0 | F46: 356.86 | G46: 523.89 | H46: 3605.42 | I46: 0 | J46: 142.35 | K46: 6051.88 | L46: 1449.87 | M46: 11249.52 | N46: 0 | O46: 65.85 | P46: 4676.31 | Q46: 0 | R46: 6507.36 | S46: 0 | U46: 0 | V46: 11249.52 | W46: 0 | X46: 1726.97 | Y46: 2431.93 | Z46: 5864.14 | AA46: 1226.49
A47: Nov 03 - Nov 09 | B47: 213 | C47: 9503.78 | D47: 8134.81 | E47: 0 | F47: 473.43 | G47: 895.54 | H47: 3344.3 | I47: 0 | J47: 0 | K47: 4638.81 | L47: 1520.66 | M47: 9503.77 | N47: 13.99 | O47: 82.1 | P47: 3780.4 | Q47: 0 | R47: 5627.28 | S47: 0 | U47: 0 | V47: 9503.77 | W47: 0 | X47: 1636.25 | Y47: 1912 | Z47: 5261.71 | AA47: 693.82
A48: Nov 10 - Nov 16 | B48: 231 | C48: 11177.8 | D48: 9729.76 | E48: 18 | F48: 298.58 | G48: 1131.46 | H48: 2535.16 | I48: 0 | J48: 0 | K48: 7012.29 | L48: 1630.34 | M48: 11177.79 | N48: 13.99 | O48: 69.45 | P48: 3867.16 | Q48: 0 | R48: 7227.19 | S48: 0 | U48: 0 | V48: 11177.79 | W48: 0 | X48: 988.52 | Y48: 2101.73 | Z48: 7184.26 | AA48: 903.29
A49: Nov 17 - Nov 23 | B49: 247 | C49: 10660.61 | D49: 8845.04 | E49: 0 | F49: 386.88 | G49: 1428.69 | H49: 3763.53 | I49: 0 | J49: 35.98 | K49: 5029.54 | L49: 1831.57 | M49: 10660.62 | N49: 0 | O49: 78.43 | P49: 4567.44 | Q49: 14 | R49: 6000.75 | S49: 0 | U49: 0 | V49: 10660.62 | W49: 0 | X49: 1954.13 | Y49: 1835.6 | Z49: 5570.8 | AA49: 1300.08
A50: Nov 24 - Nov 30 | B50: 213 | C50: 9596.81 | D50: 7700.59 | E50: 32.86 | F50: 378.37 | G50: 1484.99 | H50: 2294.12 | I50: 0 | J50: 93.31 | K50: 5295.14 | L50: 1914.22 | M50: 9596.79 | N50: 0 | O50: 68.85 | P50: 3586.31 | Q50: 0 | R50: 5941.63 | S50: 0 | U50: 0 | V50: 9596.79 | W50: 0 | X50: 1632.15 | Y50: 1723.22 | Z50: 5313.96 | AA50: 927.48
A51: Dec 01 - Dec 07 | B51: 231 | C51: 10964.28 | D51: 9373.59 | E51: 0 | F51: 373.48 | G51: 1217.21 | H51: 2788.97 | I51: 0 | J51: 0 | K51: 6584.61 | L51: 1590.69 | M51: 10964.27 | N51: 0 | O51: 62.05 | P51: 4331.05 | Q51: 0 | R51: 6571.17 | S51: 0 | U51: 0 | V51: 10964.27 | W51: 0 | X51: 1474.6 | Y51: 2233.88 | Z51: 6000.94 | AA51: 1254.86
A52: Dec 08 - Dec 14 | B52: 232 | C52: 10104.58 | D52: 8819.74 | E52: 0 | F52: 325.78 | G52: 959.06 | H52: 3485.19 | I52: 0 | J52: 39.99 | K52: 5094.53 | L52: 1484.87 | M52: 10104.58 | N52: 13.99 | O52: 71.75 | P52: 3900.86 | Q52: 0 | R52: 6117.98 | S52: 0 | U52: 0 | V52: 10104.58 | W52: 0 | X52: 1630.43 | Y52: 1948.64 | Z52: 5362.39 | AA52: 1163.12
A53: Dec 15 - Dec 21 | B53: 231 | C53: 10081.53 | D53: 8234.32 | E53: 0 | F53: 233.99 | G53: 1613.22 | H53: 3178.88 | I53: 0 | J53: 22.75 | K53: 4925.58 | L53: 1954.31 | M53: 10081.52 | N53: 0 | O53: 103.1 | P53: 4805.54 | Q53: 3.5 | R53: 5169.38 | S53: 0 | U53: 0 | V53: 10081.52 | W53: 0 | X53: 1503.95 | Y53: 2196.57 | Z53: 5837.15 | AA53: 543.86
A54: Dec 22 - Dec 28 | B54: 256 | C54: 12583.24 | D54: 11296.1 | E54: 99.9 | F54: 370.57 | G54: 816.67 | H54: 3253.05 | I54: 0 | J54: 0 | K54: 7987.44 | L54: 1342.73 | M54: 12583.22 | N54: 0 | O54: 67.25 | P54: 3984.32 | Q54: 0 | R54: 8519.65 | S54: 0 | U54: 12 | V54: 12583.22 | W54: 0 | X54: 1417.91 | Y54: 2290.95 | Z54: 7733.3 | AA54: 1141.08
A55: Dec 29 - Jan 04 | B55: 266 | C55: 15977.27 | D55: 14098 | E55: 26.4 | F55: 447.86 | G55: 1405.01 | H55: 3632.81 | I55: 0 | J55: 36.99 | K55: 10428.19 | L55: 1879.27 | M55: 15977.26 | N55: 0 | O55: 51.25 | P55: 4661.83 | Q55: 0 | R55: 11264.18 | S55: 0 | U55: 0 | V55: 15977.26 | W55: 0 | X55: 2298.23 | Y55: 2812.78 | Z55: 9438.03 | AA55: 1428.23
A56: Jan 05 - Jan 11 | B56: 228 | C56: 10864.78 | D56: 8761 | E56: 36 | F56: 533.57 | G56: 1534.21 | H56: 2137.3 | I56: 0 | J56: 0 | K56: 6623.61 | L56: 2103.78 | M56: 10864.69 | N56: 0 | O56: 68.1 | P56: 4572.75 | Q56: 0 | R56: 6223.84 | S56: 0 | U56: 0 | V56: 10864.69 | W56: 0 | X56: 1069.63 | Y56: 2354.71 | Z56: 6002.64 | AA56: 1437.8
A57: Jan 12 - Jan 18 | B57: 233 | C57: 9272.43 | D57: 7249.5 | E57: 148.63 | F57: 352.26 | G57: 1522.04 | H57: 2912.66 | I57: 0 | J57: 72.74 | K57: 4152.48 | L57: 2134.52 | M57: 9272.4 | N57: 0 | O57: 102 | P57: 4171.74 | Q57: 0 | R57: 4998.66 | S57: 0 | U57: 0 | V57: 9272.4 | W57: 0 | X57: 1263.12 | Y57: 1625.74 | Z57: 5269.69 | AA57: 1113.88
A58: Jan 19 - Jan 25 | B58: 169 | C58: 7035.68 | D58: 5989.34 | E58: 71.99 | F58: 211.88 | G58: 762.47 | H58: 2342.6 | I58: 0 | J58: -20.57 | K58: 3307.67 | L58: 1405.97 | M58: 7035.67 | N58: 0 | O58: 56.65 | P58: 3334.21 | Q58: 0 | R58: 3644.81 | S58: 0 | U58: 0 | V58: 7035.67 | W58: 0 | X58: 1065.74 | Y58: 1146.35 | Z58: 4103.9 | AA58: 719.69
A59: Jan 26 - Feb 01 | B59: 258 | C59: 13040.8 | D59: 10587.8 | E59: 35.1 | F59: 598.34 | G59: 1819.56 | H59: 3688.31 | I59: 0 | J59: 0 | K59: 6899.49 | L59: 2453 | M59: 13040.8 | N59: 0 | O59: 87.19 | P59: 5249.85 | Q59: 0 | R59: 7703.76 | S59: 0 | U59: 0 | V59: 13040.8 | W59: 0 | X59: 1307.35 | Y59: 2757.21 | Z59: 7773.45 | AA59: 1202.79
A60: Feb 02 - Feb 08 | B60: 228 | C60: 10029.91 | D60: 7893.33 | E60: 0 | F60: 780.31 | G60: 1356.27 | H60: 3048.97 | I60: 0 | J60: 29.98 | K60: 4814.38 | L60: 2136.58 | M60: 10029.91 | N60: 0 | O60: 84.25 | P60: 4777.67 | Q60: 0 | R60: 5167.99 | S60: 0 | U60: 0 | V60: 10029.91 | W60: 0 | X60: 1545.82 | Y60: 1905.28 | Z60: 5788.02 | AA60: 790.79
A61: Feb 09 - Feb 15 | B61: 254 | C61: 11900.88 | D61: 9667.07 | E61: 0 | F61: 586.24 | G61: 1647.57 | H61: 3473.8 | I61: 0 | J61: 0 | K61: 6193.27 | L61: 2233.81 | M61: 11900.88 | N61: 0 | O61: 84.35 | P61: 5016.79 | Q61: 30 | R61: 6769.74 | S61: 0 | U61: 0 | V61: 11900.88 | W61: 0 | X61: 1964.04 | Y61: 1631.59 | Z61: 7054.85 | AA61: 1250.4
A62: Feb 16 - Feb 22 | B62: 243 | C62: 11926.06 | D62: 10361.85 | E62: 0 | F62: 344.39 | G62: 1219.82 | H62: 3072.02 | I62: 0 | J62: 0 | K62: 7289.83 | L62: 1564.21 | M62: 11926.06 | N62: 0 | O62: 42.7 | P62: 3787.47 | Q62: 30 | R62: 8065.89 | S62: 0 | U62: 0 | V62: 11926.06 | W62: 0 | X62: 975.33 | Y62: 2763.23 | Z62: 6844.96 | AA62: 1342.54
A63: Feb 23 - Mar 01 | B63: 227 | C63: 12574.59 | D63: 10807.66 | E63: 0 | F63: 407.99 | G63: 1358.94 | H63: 2618.26 | I63: 0 | J63: 92.48 | K63: 8096.91 | L63: 1766.93 | M63: 12574.58 | N63: 0 | O63: 55.85 | P63: 3475.67 | Q63: 0 | R63: 9043.06 | S63: 0 | U63: 0 | V63: 12574.58 | W63: 0 | X63: 320.46 | Y63: 2093.18 | Z63: 7990.6 | AA63: 2170.35
A64: Mar 02 - Mar 08 | B64: 281 | C64: 18019.79 | D64: 15784.69 | E64: 90 | F64: 578.51 | G64: 1566.59 | H64: 4835.61 | I64: 0 | J64: 55.98 | K64: 10893.08 | L64: 2235.1 | M64: 18019.77 | N64: 0 | O64: 56.75 | P64: 3873.32 | Q64: 0 | R64: 14089.7 | S64: 0 | U64: 0 | V64: 18019.77 | W64: 55.98 | X64: 1090.74 | Y64: 2164.55 | Z64: 11050.22 | AA64: 3658.3
A65: Mar 09 - Mar 15 | B65: 306 | C65: 21494.82 | D65: 19213.18 | E65: 0 | F65: 696.74 | G65: 1584.9 | H65: 6490.77 | I65: 0 | J65: 0 | K65: 12722.4 | L65: 2281.64 | M65: 21494.81 | N65: 0 | O65: 80.05 | P65: 4237.76 | Q65: 0 | R65: 17177 | S65: 0 | U65: 0 | V65: 21494.81 | W65: 0 | X65: 488.7 | Y65: 2394.87 | Z65: 13190.06 | AA65: 5421.19
A66: Mar 16 - Mar 22 | B66: 357 | C66: 24820.5 | D66: 22041.38 | E66: 0 | F66: 531.52 | G66: 2247.6 | H66: 4129.68 | I66: 0 | J66: 142 | K66: 17769.68 | L66: 2779.12 | M66: 24820.48 | N66: 0 | O66: 179.75 | P66: 7538.51 | Q66: 3.5 | R66: 17098.72 | S66: 0 | U66: 0 | V66: 24820.48 | W66: 358.31 | X66: 3482.15 | Y66: 4228.33 | Z66: 13925.16 | AA66: 2826.55
A67: Mar 23 - Mar 29 | B67: 272 | C67: 12053.93 | D67: 9212.03 | E67: 311.2 | F67: 775.18 | G67: 1755.52 | H67: 2526.54 | I67: 0 | J67: 0 | K67: 6685.48 | L67: 2841.9 | M67: 12053.92 | N67: 0 | O67: 85.75 | P67: 5084.04 | Q67: 8.5 | R67: 6872.03 | S67: 0 | T67: 3.6 | U67: 0 | V67: 12053.92 | W67: 73.96 | X67: 2391.32 | Y67: 1513.04 | Z67: 6400.2 | AA67: 1675.41
A68: Mar 30 - Apr 05 | B68: 267 | C68: 13012.3 | D68: 10563.23 | E68: 0 | F68: 531.34 | G68: 1917.73 | H68: 2858.34 | I68: 0 | J68: 0 | K68: 7704.91 | L68: 2449.07 | M68: 13012.32 | N68: 0 | O68: 45.55 | P68: 4850.72 | Q68: 0 | R68: 8113.55 | S68: 0 | T68: 2.5 | U68: 0 | V68: 13012.32 | W68: 0 | X68: 1608.6 | Y68: 2293.3 | Z68: 8018.64 | AA68: 1091.76
A69: Apr 06 - Apr 12 | B69: 240 | C69: 11284.56 | D69: 8914.17 | E69: 0 | F69: 417 | G69: 1953.39 | H69: 3068.47 | I69: 0 | J69: 0 | K69: 5845.7 | L69: 2370.39 | M69: 11284.56 | N69: 0 | O69: 90.65 | P69: 5284.3 | Q69: 63.96 | R69: 5845.63 | S69: 0 | T69: 0 | U69: 0 | V69: 11284.54 | W69: 0 | X69: 1749.08 | Y69: 1584.33 | Z69: 6778.49 | AA69: 1172.66
A70: Apr 13 - Apr 19 | B70: 234 | C70: 11963.28 | D70: 9875.21 | E70: 105.99 | F70: 424.15 | G70: 1557.93 | H70: 3663.09 | I70: 0 | J70: 0 | K70: 6142.01 | L70: 2158.18 | M70: 11963.28 | N70: 0 | O70: 73.5 | P70: 5295.03 | Q70: 0 | R70: 6594.75 | S70: 0 | T70: 0 | U70: 0 | V70: 11963.28 | W70: 0 | X70: 1638.04 | Y70: 1759.07 | Z70: 7305.64 | AA70: 1260.53
A71: Apr 20 - Apr 26 | B71: 263 | C71: 12053.58 | D71: 9987.25 | E71: 57.8 | F71: 511.5 | G71: 1497.03 | H71: 3677.79 | I71: 0 | J71: 0 | K71: 6309.46 | L71: 2066.33 | M71: 12053.58 | N71: 0 | O71: 67 | P71: 4727.77 | Q71: 0 | R71: 7258.82 | S71: 0 | T71: 0 | U71: 0 | V71: 12053.59 | W71: 0 | X71: 1801.58 | Y71: 1518.4 | Z71: 7014.21 | AA71: 1719.39
A72: Apr 27 - May 03 | B72: 242 | C72: 11409.86 | D72: 9045.72 | E72: 0 | F72: 495.73 | G72: 1868.41 | H72: 3011.93 | I72: 0 | J72: 0 | K72: 6033.79 | L72: 2364.14 | M72: 11409.86 | N72: 0 | O72: 94.15 | P72: 4902.89 | Q72: 0 | R72: 6405.58 | S72: 0 | T72: 7.2 | U72: 0 | V72: 11409.82 | W72: 0 | X72: 1747.54 | Y72: 1703.39 | Z72: 6213.56 | AA72: 1745.37
A73: May 4 - May 10 | B73: 269 | C73: 12647.28 | D73: 10834.43 | E73: 18 | F73: 361.52 | G73: 1433.33 | H73: 3638.05 | I73: 0 | J73: 0 | K73: 7196.38 | L73: 1812.85 | M73: 12647.28 | N73: 0 | O73: 87.15 | P73: 3945.13 | Q73: 0 | R73: 8611.41 | S73: 0 | T73: 3.6 | U73: 0 | V73: 12647.29 | W73: 0 | X73: 2147.43 | Y73: 2619.3 | Z73: 6778.45 | AA73: 1102.1
A74: May 11 - May 17 | B74: 306 | C74: 15377.86 | D74: 13450.59 | E74: 0 | F74: 563.27 | G74: 1364 | H74: 4370.35 | I74: 0 | J74: 0 | K74: 9038.25 | L74: 1969.26 | M74: 15377.86 | O74: 129.64 | P74: 5125.91 | R74: 10122.3 | V74: 15377.85 | W74: 0 | X74: 2278.93 | Y74: 2008.38 | Z74: 9171.8 | AA74: 1918.75
A75: May 18 - May 24 | B75: 267 | C75: 13075.63 | D75: 10730.67 | E75: 31.49 | F75: 712.56 | G75: 1600.91 | H75: 3877.32 | I75: 0 | J75: 0 | K75: 6853.35 | L75: 2344.96 | M75: 13075.63 | O75: 92.7 | P75: 4803.4 | R75: 8179.53 | V75: 13075.63 | W75: 74.94 | X75: 1428.59 | Y75: 1745.37 | Z75: 8119.66 | AA75: 1707.07
A76: May 25 - May 31 | B76: 309 | C76: 18841.12 | D76: 16017.92 | E76: 109.16 | F76: 604.27 | G76: 2109.77 | H76: 5108.79 | I76: 0 | J76: 15.69 | K76: 10893.44 | L76: 2823.2 | M76: 18841.12 | O76: 80.45 | P76: 6392.98 | R76: 12364.07 | T76: 3.6 | V76: 18841.1 | W76: 0 | X76: 3600.41 | Y76: 2289.58 | Z76: 10841.83 | AA76: 2109.3

Sheet Kababwala
B1: Sales by Sections | H1: Sales by Order Type | N1: Sales by Category | U1: Daily and Hourly Sales (TBD)
B2: Total Bill Count | C2: Net Sales | D2: Remaining | E2: Skip | F2: DD | G2: Uber | H2: Take Out | I2: Delivery | J2: Bar Tab | K2: Dine-In | L2: Online Order | M2: Net Sales | N2: Drinks | O2: Food (Pizza K) | P2: Food Court | Q2: Smash Ox Burger | R2: Food Highway | S2: Kabab Wala | T2: Net Sales | U2: 8AM - 11AM | V2: 11AM - 3PM | W2: 3PM - 6PM | X2: 6PM - 11PM | Y2: 11PM-7AM
A3: Dec 30 - Jan 05 2025
A4: Jan 06 - Jan 12 2025
A5: Jan 13 - Jan 19 2025
A6: Jan 20 - Jan 26 2025
A7: Jan 27 - Feb 02 2025
A8: Feb 03 - Feb 09 2025 | C8: 14273.41 | D8: 10274.77 | E8: 195.67 | F8: 599.59 | G8: 3203.38 | H8: 8519.58 | I8: 0 | J8: 0 | K8: 1755.19 | L8: 3998.64 | M8: 14273.41 | N8: 0 | O8: 0 | P8: 2219.14 | Q8: 0 | S8: 12054.27 | T8: 14273.41
A9: Feb 10 - Feb 16 2025 | C9: 13043.35 | D9: 10539.78 | E9: 234.24 | F9: 187.04 | G9: 2082.29 | H9: 9115.1 | I9: 0 | J9: 0 | K9: 1384.54 | L9: 2543.71 | M9: 13043.35 | N9: 0 | O9: 2.4 | P9: 2087.58 | Q9: 0 | S9: 10953.37 | T9: 13043.35 | U9: 0 | V9: 1672.51 | W9: 2887.81 | X9: 7453.09 | Y9: 1029.94
A10: Feb 17 - Feb 23 2025 | C10: 18319.37 | D10: 15612.65 | E10: 126.49 | F10: 204.9 | G10: 2375.33 | H10: 12926.14 | I10: 0 | J10: 0 | K10: 2686.51 | L10: 2706.72 | M10: 18319.37 | N10: 0 | O10: 0 | P10: 3777.53 | Q10: 0 | S10: 14541.84 | T10: 18319.37 | U10: 0 | V10: 3200.98 | W10: 3873.53 | X10: 10380.7 | Y10: 864.16
A11: Feb 24 - Mar 02 2025 | C11: 11915.13 | D11: 9357.28 | E11: 156.53 | F11: 255.33 | G11: 2145.99 | H11: 8138.07 | I11: 0 | J11: 0 | K11: 1219.21 | L11: 2557.85 | M11: 11915.13 | N11: 0 | O11: 2.4 | P11: 2156.83 | Q11: 0 | S11: 9755.9 | T11: 11915.13 | U11: 0 | V11: 1553.43 | W11: 3528.14 | X11: 5852.23 | Y11: 981.33
A12: Mar 03 - Mar 09 2025 | C12: 13558.97 | D12: 11083.03 | E12: 92.94 | F12: 242.7 | G12: 2140.3 | H12: 9837.08 | I12: 0 | J12: 0 | K12: 1245.95 | L12: 2475.94 | M12: 13558.97 | N12: 0 | O12: 0 | P12: 2536.48 | Q12: 0 | S12: 11022.49 | T12: 13558.97 | U12: 0 | V12: 1362.2 | W12: 5872.5 | X12: 4382.68 | Y12: 1941.59
A13: Mar 10 - Mar 16 2025 | C13: 14906.28 | D13: 12203.82 | E13: 403.24 | F13: 572.37 | G13: 1726.85 | H13: 10758.4 | I13: 0 | J13: 0 | K13: 1445.42 | L13: 2702.46 | M13: 14906.28 | N13: 0 | O13: 2.4 | P13: 2134.1 | Q13: 0 | S13: 12769.78 | T13: 14906.28 | U13: 0 | V13: 725.83 | W13: 5560.16 | X13: 6547.33 | Y13: 2072.96
A14: Mar 17 - Mar 23 2025 | C14: 15353.13 | D14: 11772.36 | E14: 307.37 | F14: 229.5 | G14: 3043.9 | H14: 9329.15 | I14: 0 | J14: 0 | K14: 2443.25 | L14: 3580.77 | M14: 15353.17 | N14: 0 | O14: 7.2 | P14: 2087.73 | Q14: 0 | S14: 13258.24 | T14: 15353.17 | U14: 0 | V14: 968.87 | W14: 4960.77 | X14: 7230.18 | Y14: 2193.31
A15: Mar 24 - Mar 30 2025 | C15: =G15+F15+E15+D15 | D15: 17239.64 | E15: 75.97 | F15: 329.42 | G15: 3407.34 | H15: 15556.96 | I15: 0 | J15: 0 | K15: 1682.72 | L15: 3812.73 | M15: 21052.41 | N15: 0 | O15: 9 | P15: 2728.15 | Q15: 0 | S15: 18315.26 | T15: 21052.41 | U15: 34 | V15: 3781.8 | W15: 5640.75 | X15: 9502.39 | Y15: 2093.4
A16: March 31 - April 6 | C16: 18572.98 | D16: 15982.93 | E16: 99.57 | F16: 325.63 | G16: 2164.85 | H16: 13233 | I16: 0 | J16: 0 | K16: 2749.93 | L16: 2590.05 | M16: 18572.98 | N16: 0 | O16: 7.2 | P16: 2555.78 | Q16: 0 | S16: 16010 | T16: 18572.98 | U16: 3748.2 | V16: 13359.65 | W16: =439.92+1025.21
A17: April 7 - April 13 | C17: 15322.98 | D17: 12364.38 | E17: 49.86 | F17: 327.77 | G17: 2583.97 | H17: 9275.02 | I17: 0 | J17: 0 | K17: 3089.36 | L17: 2958.6 | M17: 15322.98 | N17: 0 | O17: 7.2 | P17: 1980.89 | Q17: 0 | S17: 13334.89 | T17: 15322.98 | U17: 112.5 | V17: 2110.87 | W17: 2420.79 | X17: 9451.96 | Y17: =536.93+689.93
A18: April 14 - April 20 | C18: 18823.82 | D18: 16212.3 | E18: 0 | F18: 49.86 | G18: 2561.66 | H18: 11294.92 | I18: 0 | J18: 0 | K18: 4917.42 | L18: 2611.52 | M18: 18823.86 | N18: 0 | O18: 14.4 | P18: 2237.26 | Q18: 0 | S18: 16572.2 | T18: 18823.86 | U18: 0 | V18: 3318.56 | W18: 4385.44 | X18: 9514.13 | Y18: =432.92+1172.77
A19: Apr 21 - Apr 27 | C19: 15758.11 | D19: 13051.45 | E19: 16.8 | F19: 223.46 | G19: 2466.4 | H19: 9833.62 | I19: 0 | J19: 0 | K19: 3217.85 | L19: 2706.66 | M19: 15758.13 | N19: 0 | O19: 10.8 | P19: 2042.7 | Q19: 0 | S19: 13704.63 | T19: 15758.13 | U19: 53.13 | V19: 2496.1 | W19: 3597.8 | X19: 8432.37 | Y19: 1178.61
A20: Apr 28 - May 4 | C20: 17377.64 | D20: 15402.32 | E20: 63.37 | F20: 188.26 | G20: 1723.69 | H20: 11631.52 | I20: 0 | J20: 0 | K20: 3770.8 | L20: 1975.32 | M20: 17377.64 | N20: 0 | O20: 1.2 | P20: 2560.14 | Q20: 83.41 | S20: 14732.89 | T20: 17377.64 | U20: 195.45 | V20: 2383.19 | W20: 4278.88 | X20: 8562.21 | Y20: 1957.91
A21: May 5 - May 11 | C21: 16181.36 | D21: 14028.63 | E21: 91.55 | F21: 91.14 | G21: 1970.04 | H21: 10275.73 | I21: 0 | J21: 42.99 | K21: 3709.91 | L21: 2152.73 | M21: 16181.36 | N21: 0 | O21: 28.2 | P21: 2362.12 | Q21: 130.36 | S21: 13660.68 | T21: 16181.36 | U21: 53.47 | V21: 3131.7 | W21: 3001.98 | X21: 8827.77 | Y21: 1166.44
A22: May 12 - May 18 | C22: 17390.45 | D22: 15192.66 | E22: 30.08 | F22: 136.91 | G22: 2030.8 | H22: 11096.7 | I22: 0 | J22: 0 | K22: 4095.98 | L22: 2197.79 | M22: 17390.47 | N22: 0 | O22: 35.4 | P22: 2317.87 | Q22: 228.17 | S22: 14809.03 | T22: 17390.47 | U22: 0 | V22: 3280.15 | W22: 3621.44 | X22: 9241.05 | Y22: 1247.81
A23: May 19 - May 25 | C23: 16865.13 | D23: 14131.51 | E23: 98.46 | F23: 148.87 | G23: 2486.29 | H23: 10457.17 | I23: 0 | J23: 0 | K23: 3674.4 | L23: 2733.62 | M23: 16865.19 | N23: 0 | O23: 2.4 | P23: 2247.08 | Q23: 277.22 | S23: 14338.49 | T23: 16865.19 | U23: 21 | V23: 2589.59 | W23: 4126.88 | X23: 8563.44 | Y23: 1564.22
A24: May 26 - Jun 01 | C24: 19146.4 | D24: 16228.53 | E24: 21.8 | F24: 251.15 | G24: 2644.92 | H24: 12914.29 | I24: 0 | J24: 15.47 | K24: 3298.82 | L24: 2917.87 | M24: 19146.45 | N24: 0 | O24: 34.8 | P24: 1820.53 | Q24: 343.66 | S24: 16947.46 | T24: 19146.45 | U24: 0 | V24: 2844 | W24: 4066.64 | X24: 9888.83 | Y24: 2346.93
A25: Jun 02 - Jun 08 | C25: 21760.9 | D25: 18673.66 | E25: 58.35 | F25: 67.93 | G25: 2960.96 | H25: 14550.68 | I25: 0 | J25: 0 | K25: 4122.98 | L25: 3087.24 | M25: 21760.9 | N25: 0 | O25: 9.6 | P25: 2486.78 | Q25: 397.61 | S25: 18866.91 | T25: 21760.9 | U25: 158.71 | V25: 5119.2 | W25: 4155.94 | X25: 10587.95 | Y25: 1739.1
A26: Jun 09 - Jun 15 | C26: 17684.01 | D26: 14687.63 | E26: 19.62 | F26: 358.51 | G26: 2618.25 | H26: 11547.42 | I26: 0 | J26: 0 | K26: 3140.21 | L26: 2996.38 | M26: 17684.01 | N26: 0 | O26: 15.6 | P26: 2101.12 | Q26: 282.21 | S26: 15285.08 | T26: 17684.01 | U26: 36.98 | V26: 3571.38 | W26: 2990.02 | X26: 9302.44 | Y26: 1783.19
A27: Jun 16 - Jun 22 | C27: 17394.72 | D27: 14622.01 | E27: 18.66 | F27: 268.59 | G27: 2485.46 | H27: 11607.65 | I27: 0 | J27: 0 | K27: 3014.36 | L27: 2772.71 | M27: 17394.72 | N27: 0 | O27: 14.4 | P27: 1629.05 | Q27: 205.62 | S27: 15545.65 | T27: 17394.72 | U27: 97.9 | V27: 3017.98 | W27: 3261.12 | X27: 9595.88 | Y27: 1421.84
A28: Jun 23 - Jun 29 | C28: 17356.78 | D28: 14263.59 | E28: 190.74 | F28: 109.76 | G28: 2792.69 | H28: 11140.9 | I28: 0 | J28: 0 | K28: 3122.69 | L28: 3093.19 | M28: 17356.78 | N28: 0 | O28: 12 | P28: 1554.24 | Q28: 180.84 | S28: 15609.7 | T28: 17356.78 | U28: 27 | V28: 2842.64 | W28: 2110.54 | X28: 10660.47 | Y28: 1716.13
A29: Jun 30 - Jul 06 | C29: 18326.25 | D29: 15286 | E29: 251.99 | F29: 238.03 | G29: 2550.23 | H29: 11770.93 | I29: 0 | J29: 0 | K29: 3515.07 | L29: 3040.25 | M29: 18326.25 | N29: 0 | O29: 28.2 | P29: 2098.82 | Q29: 192.32 | S29: 16006.91 | T29: 18326.25 | U29: 49.91 | V29: 3592.65 | W29: 3380.72 | X29: 9850.24 | Y29: 1452.73
A30: Jul 07 - Jul 13 | C30: 17307.89 | D30: 15576.3 | E30: 74.21 | F30: 159.33 | G30: 1498.05 | H30: 11418.4 | I30: 0 | J30: 0 | K30: 4157.9 | L30: 1731.59 | M30: 17307.89 | N30: 0 | O30: 27.6 | P30: 3082.06 | Q30: 246.79 | S30: 13951.44 | T30: 17307.89 | U30: 50.91 | V30: 2520.23 | W30: 3687.71 | X30: 9262.34 | Y30: 1786.7
... A32: Jul 21 - Jul 27 | C32: 19250.84 | D32: 16442.69 | E32: 52.11 | F32: 504.12 | G32: 2251.92 | H32: 11413.76 | I32: 0 | J32: 0 | K32: 5028.92 | L32: 2808.15 | M32: 19250.83 | N32: 0 | O32: 11.4 | P32: 2591.74 | Q32: 308.23 | S32: 16339.46 | T32: 19250.83 | U32: 17.99 | V32: 2436.06 | W32: 4033.15 | X32: 11091.84 | Y32: 1671.8
A33: Jul 28 - Aug 03 | C33: 17443.35 | D33: 15595.52 | E33: 96.27 | F33: 18.59 | G33: 1732.97 | H33: 11432.81 | I33: 0 | J33: 0 | K33: 4162.68 | L33: 1847.83 | M33: 17443.32 | N33: 0 | O33: 30 | P33: 2330.72 | Q33: 208.32 | R33: 0 | S33: 14874.28 | T33: 17443.32 | U33: 51.86 | V33: 2850.02 | W33: 2864.14 | X33: 10142.12 | Y33: 1535.21
A34: Aug 04 - Aug 10 | C34: 19115.15 | D34: 17187.14 | E34: 48.28 | F34: 149.36 | G34: 1730.37 | H34: 12915.17 | I34: 0 | J34: 0 | K34: 4271.97 | L34: 1928.01 | M34: 19115.15 | N34: 0 | O34: 6.6 | P34: 2615.25 | Q34: 375.17 | R34: 0 | S34: 16118.13 | T34: 19115.15 | U34: 13.99 | V34: 3401.75 | W34: 4234.65 | X34: 10097.33 | Y34: 1367.43
A35: Aug 11 - Aug 17 | C35: 17474.33 | D35: 16262.77 | E35: 73.77 | F35: 301.37 | G35: 836.42 | H35: 11453.34 | I35: 0 | J35: 0 | K35: 4809.4 | L35: 1211.56 | M35: 17474.3 | N35: 0 | O35: 10.2 | P35: 2298.51 | Q35: 402.62 | R35: 0 | S35: 14762.97 | T35: 17474.3 | U35: 123.9 | V35: 2057.17 | W35: 2773.66 | X35: 10130.05 | Y35: 2389.55
A36: Aug 18 - Aug 24 | C36: 16199.2 | D36: 14382.84 | E36: 16.79 | F36: 176.02 | G36: 1623.55 | H36: 10565.84 | I36: 0 | J36: 0 | K36: 3817 | L36: 1816.36 | M36: 16199.2 | N36: 0 | O36: 6 | P36: 2617.14 | Q36: 276.74 | R36: 0 | S36: 13299.32 | T36: 16199.2 | U36: 34.22 | V36: 2206.94 | W36: 3461.63 | X36: 8974.44 | Y36: 1521.97
A37: Aug 25 - Aug 31 | C37: 19083.93 | D37: 17664.64 | E37: 40.2 | F37: 284.79 | G37: 1094.3 | H37: 13314.26 | I37: 0 | J37: 0 | K37: 4350.38 | L37: 1419.29 | M37: 19083.93 | N37: 0 | O37: 2.4 | P37: 2969.24 | Q37: 308.04 | R37: 0 | S37: 15804.25 | T37: 19083.93 | U37: 56.96 | V37: 2128.24 | W37: 3652.91 | X37: 11735.85 | Y37: 1509.97
A38: Sep 01 - Sep 07 | C38: 15524.34 | D38: 13926.86 | E38: 0 | F38: 101.18 | G38: 1496.3 | H38: 9862.39 | I38: 0 | J38: 0 | K38: 4064.47 | L38: 1597.48 | M38: 15524.34 | N38: 0 | O38: 22.8 | P38: 1865.23 | Q38: 389.26 | R38: 0 | S38: 13247.05 | T38: 15524.34 | U38: 38.97 | V38: 3040.11 | W38: 2766.05 | X38: 8582.04 | Y38: 1097.17
A39: Sep 08 - Sep 14 | C39: 15558.56 | D39: 14364.77 | E39: 89.96 | F39: 90.51 | G39: 1013.32 | H39: 10301.67 | I39: 0 | J39: 0 | K39: 4063.1 | L39: 1193.79 | M39: 15558.56 | N39: 0 | O39: 13.6 | P39: 2151.14 | Q39: 347.3 | R39: 0 | S39: 13046.52 | T39: 15558.56 | U39: 0 | V39: 2653.8 | W39: 2606.64 | X39: 9220.46 | Y39: 1077.66
A40: Sep 15 - Sep 21 | C40: 16173.27 | D40: 15074.13 | E40: 300.69 | F40: 50.8 | G40: 747.65 | H40: 10523.38 | I40: 0 | J40: 0 | K40: 4550.73 | L40: 1099.14 | M40: 16173.25 | N40: 0 | O40: 12.8 | P40: 2451.33 | Q40: 320.01 | R40: 0 | S40: 13389.11 | T40: 16173.25 | U40: 39.46 | V40: 2557.24 | W40: 3380.71 | X40: 9193.64 | Y40: 1002.22
A41: Sep 22 - Sep 28 | C41: 14572.18 | D41: 12695.29 | E41: 206.01 | F41: 384.94 | G41: 1285.94 | H41: 8699.21 | I41: 0 | J41: 0 | K41: 3926.58 | L41: 1876.89 | M41: 14502.68 | N41: 0 | O41: 13.99 | P41: 2200.04 | Q41: 290.17 | R41: 0 | S41: 11998.48 | T41: 14502.68 | U41: 0 | V41: 2291.72 | W41: 3906.61 | X41: 7673.56 | Y41: 700.29
A42: Sep 29 - Oct 05 | C42: 14113 | D42: 13440.59 | E42: 105.57 | F42: 128.54 | G42: 438.3 | H42: 9934.5 | I42: 0 | J42: 0 | K42: 3506.09 | L42: 672.41 | M42: 14113 | N42: 0 | O42: 11.2 | P42: 2100 | Q42: 260.28 | R42: 0 | S42: 11741.52 | T42: 14113 | U42: 0 | V42: 2695.02 | W42: 3118.05 | X42: 6825.18 | Y42: 1474.75
A43: Oct 06 - Oct 12 | C43: 14272.3 | D43: 12482.04 | E43: 216.85 | F43: 387.18 | G43: 1186.23 | H43: 9247.31 | I43: 0 | J43: 0 | K43: 3234.73 | L43: 1790.26 | M43: 14272.3 | N43: 0 | O43: 51.6 | P43: 1764.16 | Q43: 115.41 | R43: 0 | S43: 12341.13 | T43: 14272.3 | U43: 0 | V43: 2594.47 | W43: 3081.4 | X43: 7670.64 | Y43: 925.79
A44: Oct 13 - Oct 19 | C44: 16467.97 | D44: 15056.75 | E44: 106.02 | F44: 265.57 | G44: 1039.63 | H44: 11210.96 | I44: 0 | J44: 0 | K44: 3845.78 | L44: 1411.22 | M44: 16467.96 | N44: 0 | O44: 21.6 | P44: 2484.74 | Q44: 346.2 | R44: 0 | S44: 13615.42 | T44: 16467.96 | U44: 0 | V44: 2580.35 | W44: 3490.31 | X44: 9482.63 | Y44: 914.68
A45: Oct 20 - Oct 26 | B45: 402 | C45: 13914.64 | D45: 12581.93 | E45: 16.75 | F45: 105.62 | G45: 1210.34 | H45: 1210.34 | I45: 0 | J45: 0 | K45: 3235.25 | L45: 1332.71 | M45: 13914.63 | N45: 0 | O45: 9.6 | P45: 1831.1 | Q45: 147.66 | R45: 0 | S45: 11926.27 | T45: 13914.63 | U45: 151.88 | V45: 2218.58 | W45: 3086.55 | X45: 7502.88 | Y45: 954.75
A46: Oct 27 - Nov 02 | B46: 419 | C46: 15460.77 | D46: 14139.67 | E46: 262.04 | F46: 274.76 | G46: 784.3 | H46: 10971 | I46: 0 | J46: 0 | K46: 3168.65 | L46: 1321.1 | M46: 15460.75 | N46: 0 | O46: 16.8 | P46: 2264.34 | Q46: 175.34 | R46: 0 | S46: 13004.27 | T46: 15460.75 | U46: 0 | V46: 2473.63 | W46: 3688.23 | X46: 7942.16 | Y46: 1356.75
A47: Nov 03 - Nov 09 | B47: 424 | C47: 14992.51 | D47: 12944.71 | E47: 166.23 | F47: 191.44 | G47: 1690.13 | H47: 10093.74 | I47: 0 | J47: 0 | K47: 2850.95 | L47: 2047.8 | M47: 14992.49 | N47: 0 | O47: 8.8 | P47: 2111.83 | Q47: 395.86 | R47: 0 | S47: 12476 | T47: 14992.49 | U47: 97.03 | V47: 2630.65 | W47: 4144.01 | X47: 7508.93 | Y47: 611.89
A48: Nov 10 - Nov 16 | B48: 405 | C48: 14148.97 | D48: 12257.74 | E48: 319.62 | F48: 181.59 | G48: 1390.02 | H48: 9177.02 | I48: 0 | J48: 0 | K48: 3080.71 | L48: 1891.23 | M48: 14148.96 | N48: 0 | O48: 11.6 | P48: 1778.88 | Q48: 279.34 | R48: 0 | S48: 12079.14 | T48: 14148.96 | U48: 95.88 | V48: 2182.63 | W48: 3384.68 | X48: 7741.83 | Y48: 743.95
A49: Nov 17 - Nov 23 | B49: 409 | C49: 13645.93 | D49: 12298.1 | E49: 200.82 | F49: 215.03 | G49: 931.98 | H49: 8757.05 | I49: 0 | J49: 0 | K49: 3541.04 | L49: 1347.83 | M49: 13645.92 | N49: 0 | O49: 10.6 | P49: 1631.14 | Q49: 180.88 | R49: 0 | S49: 11823.3 | T49: 13645.92 | U49: 64.49 | V49: 2142.35 | W49: 3346.41 | X49: 7282.51 | Y49: 810.17
A50: Nov 24 - Nov 30 | B50: 426 | C50: 16367.82 | D50: 14586.76 | E50: 140.06 | F50: 209.52 | G50: 1431.48 | H50: 10886.61 | I50: 0 | J50: 0 | K50: 3700.16 | L50: 1781.06 | M50: 16367.83 | N50: 0 | O50: 20.4 | P50: 2294.33 | Q50: 371.66 | R50: 0 | S50: 13681.44 | T50: 16367.83 | U50: 41.12 | V50: 4134.33 | W50: 3244.8 | X50: 8064.1 | Y50: 883.47
A51: Dec 01 - Dec 07 | B51: 345 | C51: 12906.63 | D51: 11121.57 | E51: 94.62 | F51: 226.27 | G51: 1464.17 | H51: 8443.34 | I51: 0 | J51: 0 | K51: 2678.23 | L51: 1785.06 | M51: 12906.63 | N51: 0 | O51: 14.4 | P51: 2162.26 | Q51: 64.15 | R51: 0 | S51: 10665.82 | T51: 12906.63 | U51: 22.32 | V51: 2102.32 | W51: 3494.77 | X51: 6686.8 | Y51: 600.42
A52: Dec 08 - Dec 14 | B52: 381 | C52: 14096.42 | D52: 12319.92 | E52: 31.19 | F52: 408.04 | G52: 1337.27 | H52: 8732.07 | I52: 0 | J52: 0 | K52: 3587.84 | L52: 1776.5 | M52: 14096.41 | N52: 0 | O52: 9.99 | P52: 2307.43 | Q52: 238.17 | R52: 0 | S52: 11540.82 | T52: 14096.41 | U52: 0 | V52: 2761.62 | W52: 2710.7 | X52: 7829.88 | Y52: 794.22
A53: Dec 15 - Dec 21 | B53: 412 | C53: 14227.25 | D53: 12411.62 | E53: 342.55 | F53: 284.56 | G53: 1188.52 | H53: 8794.43 | I53: 0 | J53: 0 | K53: 3617.17 | L53: 1815.63 | M53: 14227.23 | N53: 0 | O53: 8 | P53: 2132.42 | Q53: 184.34 | R53: 0 | S53: 11902.47 | T53: 14227.23 | U53: 0 | V53: 2794.35 | W53: 3292.57 | X53: 7399.73 | Y53: 740.6
A54: Dec 22 - Dec 28 | B54: 493 | C54: 18278.39 | D54: 124.14 | E54: 177.73 | F54: 1595.58 | G54: 16380.94 | H54: 11537.35 | I54: 0 | J54: 0 | K54: 4843.59 | L54: 1897.45 | M54: 18278.39 | N54: 0 | O54: 9.6 | P54: 2581.46 | Q54: 299.72 | R54: 3.6 | S54: 15384.01 | T54: 18278.39 | U54: 94.13 | V54: 3267.3 | W54: 4601.18 | X54: 9003.7 | Y54: 1312.08
A55: Dec 29 - Jan 04 | B55: 520 | C55: 20220.2 | D55: 16916.08 | E55: 431.32 | F55: 619.24 | G55: 2253.56 | H55: 13355.73 | I55: 0 | J55: 0 | K55: 3560.34 | L55: 3304.12 | M55: 20220.19 | N55: 0 | O55: 46.8 | P55: 2759.59 | Q55: 355.68 | R55: 0 | S55: 17058.12 | T55: 20220.19 | U55: 0 | V55: 3184.31 | W55: 4745 | X55: 10428.74 | Y55: 1862.15
A56: Jan 05 - Jan 11 | B56: 392 | C56: 13041.41 | D56: 11353.52 | E56: 139.19 | F56: 73.3 | G56: 1475.4 | H56: 7289.11 | I56: 0 | J56: 0 | K56: 4064.38 | L56: 1687.89 | M56: 13041.38 | N56: 0 | O56: 16.4 | P56: 2154.83 | Q56: 249.77 | R56: 0 | S56: 10620.38 | T56: 13041.38 | U56: 156.61 | V56: 1676.49 | W56: 2931.28 | X56: 7363.7 | Y56: 913.33
A57: Jan 12 - Jan 18 | B57: 391 | C57: 14648.31 | D57: 12652.81 | E57: 232.94 | F57: 330.21 | G57: 1432.35 | H57: 9503.59 | I57: 0 | J57: 0 | K57: 3149.21 | L57: 1995.5 | M57: 14648.3 | N57: 0 | O57: 50.2 | P57: 1957.43 | Q57: 275.25 | R57: 0 | S57: 12365.42 | T57: 14648.3 | U57: 17.99 | V57: 3130.3 | W57: 3500.42 | X57: 7222.37 | Y57: 777.23
A58: Jan 19 - Jan 25 | B58: 318 | C58: 11047.93 | D58: 9211.32 | E58: 77.78 | F58: 165.21 | G58: 1593.62 | H58: 6970.49 | I58: 0 | J58: 0 | K58: 2240.82 | L58: 1836.61 | M58: 11047.92 | N58: 0 | O58: 30.6 | P58: 1459.7 | Q58: 79.92 | R58: 0 | S58: 9477.7 | T58: 11047.92 | U58: 82.24 | V58: 2211.01 | W58: 2462.66 | X58: 5916.18 | Y58: 375.84
A59: Jan 26 - Feb 01 | B59: 403 | C59: 13762.54 | D59: 10890.59 | E59: 158.31 | F59: 321.04 | G59: 2392.6 | H59: 7917.15 | I59: 0 | J59: 0 | K59: 2973.4 | L59: 2871.95 | M59: 13762.5 | N59: 0 | O59: 43.2 | P59: 2046.32 | Q59: 200.32 | R59: 0 | S59: 11472.66 | T59: 13762.5 | U59: 0.99 | V59: 2965.03 | W59: 3133.13 | X59: 6770.33 | Y59: 893.06
A60: Feb 02 - Feb 08 | B60: 388 | C60: 14010.06 | D60: 11235.93 | E60: 181.24 | F60: 334.1 | G60: 2258.79 | H60: 8418.71 | I60: 0 | J60: 0 | K60: 2817.2 | L60: 2774.13 | M60: 14010.04 | N60: 0 | O60: 54.6 | P60: 2232.47 | Q60: 194.8 | R60: 0 | S60: 11528.17 | T60: 14010.04 | U60: 0 | V60: 2865.97 | W60: 3154.96 | X60: 7184.58 | Y60: 804.55
A61: Feb 09 - Feb 15 | B61: 457 | C61: 17037.02 | D61: 15142.87 | E61: 11.74 | F61: 387.34 | G61: 1495.07 | H61: 10858.79 | I61: 0 | J61: 0 | K61: 4284.06 | L61: 1894.15 | M61: 17037 | N61: 0 | O61: 48.8 | P61: 3782.3 | Q61: 307.72 | R61: 0 | S61: 12898.18 | T61: 17037 | U61: 106.3 | V61: 4144.97 | W61: 3972.23 | X61: 7947.3 | Y61: 866.22
A62: Feb 16 - Feb 22 | B62: 425 | C62: 15314.7 | D62: 12611.59 | E62: 205.05 | F62: 422.72 | G62: 2075.34 | H62: 9294.08 | I62: 0 | J62: 0 | K62: 3317.5 | L62: 2703.11 | M62: 15314.69 | N62: 0 | O62: 79.8 | P62: 4172.25 | Q62: 191.02 | R62: 0 | S62: 10871.62 | T62: 15314.69 | U62: 0 | V62: 2400.27 | W62: 5553.46 | X62: 6095.46 | Y62: 1265.51
A63: Feb 23 - Mar 01 | B63: 362 | C63: 14122.67 | D63: 12083.89 | E63: 103.53 | F63: 84.15 | G63: 1851.1 | H63: 9603.33 | I63: 0 | J63: 0 | K63: 2480.56 | L63: 2038.78 | M63: 14122.67 | N63: 0 | O63: 19.2 | P63: 2238.29 | Q63: 125.4 | R63: 0 | S63: 11739.78 | T63: 14122.67 | U63: 0 | V63: 1212.29 | W63: 6546.14 | X63: 4778.17 | Y63: 1586.07
A64: Mar 02 - Mar 08 | B64: 355 | C64: 12691.12 | D64: 10699.07 | E64: 107.74 | F64: 219.77 | G64: 1664.54 | H64: 8283.2 | I64: 0 | J64: 0 | K64: 2415.86 | L64: 1992.05 | M64: 12691.11 | N64: 0 | O64: 10.4 | P64: 1869.21 | Q64: 102.94 | R64: 0 | S64: 10708.56 | T64: 12691.11 | U64: 0 | V64: 925.82 | W64: 4916.75 | X64: 4954.06 | Y64: 1894.49
A65: Mar 09 - Mar 15 | B65: 340 | C65: 12362.53 | D65: 10560.06 | E65: 46.5 | F65: 0 | G65: 1755.97 | H65: 8431.14 | I65: 0 | J65: 0 | K65: 2128.91 | L65: 1802.47 | M65: 12362.52 | N65: 0 | O65: 24.2 | P65: 1650.71 | Q65: 219.78 | R65: 0 | S65: 10467.83 | T65: 12362.52 | U65: 0 | V65: 1127.76 | W65: 3916.23 | X65: 5456.27 | Y65: 1862.27
A66: Mar 16 - Mar 22 | B66: 473 | C66: 24836.08 | D66: 21982.72 | E66: 349.54 | F66: 0 | G66: 2503.82 | H66: 17523.62 | I66: 0 | J66: 0 | K66: 4459.1 | L66: 2853.36 | M66: 24836.08 | N66: 0 | O66: 30 | P66: 2751.03 | Q66: 247.79 | R66: 0 | S66: 21807.26 | T66: 24836.08 | U66: 291.19 | V66: 4593.77 | W66: 4683.24 | X66: 12854.07 | Y66: 2413.81
... A72: Apr 27 - May 03 | B72: 469 | C72: 15974.43 | D72: 13940.75 | E72: 38.9 | F72: 240.08 | G72: 1754.7 | H72: 8357.03 | I72: 0 | J72: 0 | K72: 5583.72 | L72: 2033.68 | M72: 15974.43 | N72: 0 | O72: 25.8 | P72: 2167.58 | Q72: 215.29 | R72: 0 | S72: 13565.73 | T72: 15974.4 | U72: 71.92 | V72: 2691.24 | W72: 3278.29 | X72: 8626.19 | Y72: 1306.79
A73: May 4 - May 10 | B73: 487 | C73: 17148.84 | D73: 14275.98 | E73: 127.87 | F73: 267.42 | G73: 2477.57 | H73: 8843.55 | I73: 0 | J73: 0 | K73: 5432.43 | L73: 2872.86 | M73: 17148.84 | N73: 0 | O73: 9 | P73: 2358.65 | Q73: 279.3 | R73: 0 | S73: 14501.88 | T73: 17148.83 | U73: 35.96 | V73: 2469.54 | W73: 3231.1 | X73: 10004.73 | Y73: 1407.51
A74: May 11 - May 17 | B74: 461 | C74: 16630.39 | D74: 14190.46 | E74: 55.19 | F74: 344.17 | G74: 2040.57 | H74: 8312.42 | I74: 0 | J74: 0 | K74: 5878.04 | L74: 2439.93 | M74: 16630.39 | N74: 0 | O74: 4.2 | P74: 1751.95 | Q74: 181.86 | S74: 14692.37 | T74: 16630.38 | U74: 0 | V74: 2562.82 | W74: 3519.95 | X74: 8867.4 | Y74: 1680.22
A75: May 18 - May 24 | B75: 458 | C75: 15889.77 | D75: 13236.13 | E75: 48.33 | F75: 530.02 | G75: 2075.29 | H75: 8963.57 | I75: 0 | J75: 0 | K75: 4272.56 | L75: 2653.64 | M75: 15889.77 | N75: 0 | O75: 10.8 | P75: 1604.67 | Q75: 204.85 | S75: 14069.43 | T75: 15889.75 | U75: 21.98 | V75: 2431.94 | W75: 3868.97 | X75: 8308.85 | Y75: 1258.03
A76: May 25 - May 31 | B76: 455 | C76: 19078.48 | D76: 16351.38 | E76: 63.72 | F76: 242.19 | G76: 2421.19 | H76: 11370.25 | I76: 0 | J76: 0 | K76: 4981.13 | L76: 2727.1 | M76: 19078.48 | N76: 0 | O76: 6 | P76: 2351.82 | Q76: 322.25 | S76: 16398.42 | T76: 19078.49 | U76: 185.8 | V76: 3415.99 | W76: 2597.66 | X76: 11509.47 | Y76: 1369.56

Sheet Pizza K Heartland
B1: Sales by Sections | H1: Sales by Order Type | N1: Sales by Category (Net Sales) | V1: Daily and Hourly Sales (TBD)
B2: Total Bill Count | C2: Net Sales | D2: Remaining | E2: Skip | F2: DD | G2: Uber | H2: Take Out | I2: Delivery | J2: Bar Tab | K2: Dine-In | L2: Online Order | M2: Net Sales | N2: Chickentarian | O2: KT Icecream | P2: Food (Pizza K) | Q2: Food Court | R2: Drinks | S2: Smash Ox Burger | T2: Uncategorized | U2: Net Sales | V2: 8AM - 11AM | W2: 11AM - 3PM | X2: 3PM - 6PM | Y2: 6PM - 11PM | Z2: 11PM-7AM
A3: Dec 30 - Jan 05 2025
A4: Jan 06 - Jan 12 2025
A5: Jan 13 - Jan 19 2025
A6: Jan 20 - Jan 26 2025
A7: Jan 27 - Feb 02 2025
A8: Feb 03 - Feb 09 2025 | C8: 15602.64 | D8: 15602.64 | E8: 0 | F8: 0 | G8: 0 | H8: 14639.32 | I8: 0 | J8: 0 | K8: 963.32 | L8: 0 | M8: 15602.64 | N8: 0 | O8: 0 | P8: 15197.89 | Q8: 92 | R8: 312.75 | T8: 0 | U8: 15602.64
A9: Feb 10 - Feb 16 2025 | C9: 15478.89 | D9: 15478.89 | E9: 0 | F9: 0 | G9: 0 | H9: 13853.08 | I9: 0 | J9: 0 | K9: 1625.86 | L9: 0 | M9: 15478.94 | N9: 0 | O9: 0 | P9: 15101.67 | Q9: 20 | R9: 357.27 | T9: 0 | U9: 15478.94 | V9: 0 | W9: 1957.29 | X9: 3065.81 | Y9: 8883.44 | Z9: 1572.35
A10: Feb 17 - Feb 23 2025 | C10: 14771.2 | D10: 14771.2 | E10: 0 | F10: 0 | G10: 0 | H10: 13402.78 | I10: 0 | J10: 0 | K10: 1368.5 | L10: 0 | M10: 14771.28 | N10: 0 | O10: 0 | P10: 14507.47 | Q10: 20 | R10: 243.81 | T10: 0 | U10: 14771.28 | V10: 0 | W10: 2077.79 | X10: 3263.9 | Y10: 8377.84 | Z10: 1051.67
A11: Feb 24 - Mar 02 2025 | C11: 15585.11 | D11: 8797.31 | E11: 0 | F11: 592.94 | G11: 6194.86 | H11: 7952.68 | I11: 0 | J11: 0 | K11: 844.65 | L11: 6787.8 | M11: 15585.13 | N11: 0 | O11: 0 | P11: 15255.36 | Q11: 16 | R11: 313.77 | T11: 0 | U11: 15585.13 | V11: 0 | W11: 2155.73 | X11: 4491.48 | Y11: 7779.59 | Z11: 1158.31
A12: Mar 03 - Mar 09 2025 | C12: 14788.75 | D12: 8498.44 | E12: 18 | F12: 618.26 | G12: 5654.05 | H12: 7034.55 | I12: 0 | J12: 0 | K12: 1463.92 | L12: 6290.31 | M12: 14788.78 | N12: 0 | O12: 598.03 | P12: 13894.14 | Q12: 12 | R12: 284.61 | T12: 0 | U12: 14788.78 | V12: 0 | W12: 861.91 | X12: 6751.97 | Y12: 5302.35 | Z12: 1872.52
A13: Mar 10 - Mar 16 2025 | C13: 18698.97 | D13: 11737.05 | E13: 18 | F13: 836.45 | G13: 6107.47 | H13: 8795.32 | I13: 0 | J13: 0 | K13: 2941.73 | L13: 6961.92 | M13: 18698.97 | N13: 0 | O13: 826.13 | P13: 17495.24 | Q13: 76.5 | R13: 301.1 | T13: 0 | U13: 18698.97 | V13: 0 | W13: 1435.78 | X13: 3762.6 | Y13: 10941.81 | Z13: 2558.78
A14: Mar 17 - Mar 23 2025 | C14: 17650.04 | D14: 10632.6 | E14: 0 | F14: 752.41 | G14: 6265.03 | H14: 8981.17 | I14: 0 | J14: 0 | K14: 1651.43 | L14: 7017.44 | M14: 17650.04 | N14: 0 | O14: 566.37 | P14: 16632.37 | Q14: 62.5 | R14: 388.8 | T14: 0 | U14: 17650.04 | V14: 0 | W14: 1542.19 | X14: 4134.29 | Y14: 10004.14 | Z14: 1969.42
A15: Mar 24 - Mar 30 2025 | C15: 23667.17 | D15: 13752.97 | E15: 33.6 | F15: 766.22 | G15: 9114.38 | H15: 11512.29 | I15: 0 | J15: 0 | K15: 2240.68 | L15: 9914.2 | M15: 23667.17 | N15: 0 | O15: 703.46 | P15: 22324.47 | Q15: 157.5 | R15: 481.74 | T15: 0 | U15: 23667.17 | V15: 0 | W15: 2069.54 | X15: 4436.84 | Y15: 13812.24 | Z15: 3348.55
A16: March 31 - April 6 | C16: 18566.53 | D16: =2538.67+9075.32 | E16: 16.8 | F16: 618.55 | G16: 6317.19 | H16: 9051.07 | I16: 0 | J16: 24.25 | K16: 2538.67 | L16: 6952.54 | M16: 18566.53 | N16: 0 | O16: 1028.1 | P16: 16976.3 | Q16: 90.5 | R16: 471.63 | T16: 0 | U16: 18566.53 | V16: 3434.27 | W16: 13042.69 | X16: =827.06+1262.51
A17: April 7 - April 13 | C17: 18741.13 | D17: =2072.02+9258.01 | E17: 0 | F17: 795.99 | G17: 6615.11 | H17: 9258.01 | I17: 0 | J17: 0 | K17: 2072.02 | L17: 7411.1 | M17: 18741.13 | N17: 0 | O17: 980.55 | P17: 17228.04 | Q17: 88.99 | R17: 443.55 | T17: 0 | U17: 18741.13 | V17: 0 | W17: 2762.95 | X17: 4027.9 | Y17: 10473.7 | Z17: =598.63+877.95
A18: April 14 - April 20 | C18: 22357.34 | D18: 15405.08 | E18: 0 | F18: 766.89 | G18: 6185.37 | H18: 12186.02 | I18: 0 | J18: 489.2 | K18: 2729.86 | L18: 6952.26 | M18: 22357.34 | N18: 154.4 | O18: 1160.48 | P18: 20441.97 | Q18: 70.49 | R18: 530 | T18: 0 | U18: 22357.34 | V18: 0 | W18: 3427.54 | X18: 3889.66 | Y18: 12602.2 | Z18: =702.04+1735.9
A19: Apr 21 - Apr 27 | C19: 20006.97 | D19: 13208.43 | E19: 0 | F19: 760.95 | G19: 6037.59 | H19: 11009.32 | I19: 0 | J19: 482.6 | K19: 1716.51 | L19: 6798.54 | M19: 20006.97 | N19: 148.2 | O19: 995.09 | P19: 18383.04 | Q19: 73.47 | R19: 407.17 | T19: 0 | U19: =R19+Q19+P19+O19+N19 | V19: 285.44 | W19: 3815.02 | X19: 3265.44 | Y19: 11015.07 | Z19: 1626
A20: Apr 28 - May 4 | C20: 18912.04 | D20: 12668.7 | E20: 0 | F20: 761.11 | G20: 5482.23 | H20: 10413.89 | I20: 0 | J20: 513.25 | K20: 1741.56 | L20: 6243.34 | M20: 18912.04 | N20: 118.93 | O20: 693.08 | P20: 17547.31 | Q20: 43.99 | R20: 508.73 | T20: 0 | U20: 18912.04 | V20: 61.49 | W20: 2575.21 | X20: 3402.81 | Y20: 11020.22 | Z20: 1852.31
A21: May 5 - May 11 | C21: 19737.83 | D21: 12744.63 | E21: 0 | F21: 654.27 | G21: 6338.93 | H21: 11191.11 | I21: 0 | J21: 331.92 | K21: 1221.6 | L21: 6993.2 | M21: 19737.83 | N21: 66.95 | O21: 700.08 | P21: 18431.63 | Q21: 52.5 | R21: 486.67 | T21: 0 | U21: 19737.83 | V21: 271.79 | W21: 2615.85 | X21: 3500.08 | Y21: 11478.17 | Z21: 1871.94
A22: May 12 - May 18 | C22: 20649.48 | D22: 14025.42 | E22: 0 | F22: 592.17 | G22: 6031.89 | H22: 12371.58 | I22: 0 | J22: 379.43 | K22: 1274.41 | L22: 6624.06 | M22: 20649.48 | N22: 102.42 | O22: 828.63 | P22: 19209.06 | Q22: 27.5 | R22: 481.87 | T22: 0 | U22: 20649.48 | V22: 425.22 | W22: 2891.94 | X22: 3324.53 | Y22: 11964.67 | Z22: 2043.12
A23: May 19 - May 25 | C23: 21289.71 | D23: 14091.25 | E23: 0 | F23: 788.06 | G23: 6410.4 | H23: 11722.2 | I23: 0 | J23: 586.27 | K23: 1782.8 | L23: 7198.46 | M23: 21289.73 | N23: 55.46 | O23: 670.84 | P23: 19987.28 | Q23: 71.5 | R23: 504.65 | T23: 0 | U23: 21289.73 | V23: 312.03 | W23: 3238.18 | X23: 4200.58 | Y23: 11924.99 | Z23: 1613.93
A24: May 26 - Jun 01 | C24: 17476.95 | D24: 12195.79 | E24: 0 | F24: 191.68 | G24: 5089.48 | H24: 10091.96 | I24: 0 | J24: 271.51 | K24: 1832.32 | L24: 5281.16 | M24: 17476.95 | N24: 212.36 | O24: 904.99 | P24: 15832.65 | Q24: 65 | R24: 461.95 | T24: 0 | U24: 17476.95 | V24: 17.09 | W24: 2349.85 | X24: 3191.36 | Y24: 10096.86 | Z24: 1821.79
A25: Jun 02 - Jun 08 | C25: 20551.17 | D25: 14724.33 | E25: 0 | F25: 0 | G25: 5826.84 | H25: 11772.66 | I25: 0 | J25: 314.74 | K25: 2636.9 | L25: 5826.84 | M25: 20551.14 | N25: 223.83 | O25: 1264.98 | P25: 18505.9 | Q25: 90.96 | R25: 465.47 | T25: 0 | U25: 20551.14 | V25: 134.8 | W25: 2948.79 | X25: 3032.97 | Y25: 11920.37 | Z25: 2514.24
A26: Jun 09 - Jun 15 | C26: 19206.44 | D26: 13152.36 | E26: 0 | F26: 0 | G26: 6054.08 | H26: 10775.95 | I26: 0 | J26: 95.17 | K26: 2281.24 | L26: 6054.08 | M26: 19206.44 | N26: 132.41 | O26: 980.07 | P26: 17451.44 | Q26: 100.5 | R26: 542.02 | T26: 0 | U26: 19206.44 | V26: 226 | W26: 2713.95 | X26: 3725.52 | Y26: 10581.56 | Z26: 1959.41
A27: Jun 16 - Jun 22 | C27: 19963.09 | D27: 13642.9 | E27: 0 | F27: 0 | G27: 6320.19 | H27: 11052.54 | I27: 0 | J27: 267.19 | K27: 2323.19 | L27: 6320.19 | M27: 19963.11 | N27: 167.38 | O27: 1274.96 | P27: 17858.8 | Q27: 33.24 | R27: 628.73 | T27: 0 | U27: 19963.11 | V27: 461.09 | W27: 2829.03 | X27: 3802.48 | Y27: 10907 | Z27: 1963.49
A28: Jun 23 - Jun 29 | C28: 20181.46 | D28: 13603.1 | E28: 0 | F28: 0 | G28: 6578.36 | H28: 11553.37 | I28: 0 | J28: 245.99 | K28: 1803.78 | L28: 6578.36 | M28: 20181.5 | N28: 275.09 | O28: 896.08 | P28: 18369 | Q28: 57.7 | R28: 583.63 | T28: 0 | U28: 20181.5 | V28: 138.58 | W28: 3212.86 | X28: 3131.36 | Y28: 11521.81 | Z28: 2176.85
A29: Jun 30 - Jul 06 | C29: 20244.38 | D29: 15069.42 | E29: 0 | F29: 0 | G29: 5174.96 | H29: 13354.01 | I29: 0 | J29: 173.47 | K29: 1541.94 | L29: 5174.96 | M29: 20244.38 | N29: 109.43 | O29: 971.39 | P29: 18384.24 | Q29: 161.6 | R29: 617.72 | T29: 0 | U29: 20244.38 | V29: 44 | W29: 2595.24 | X29: 3121 | Y29: 11827.82 | Z29: 2656.32
A30: Jul 07 - Jul 13 | C30: 21199.52 | D30: 15061.68 | E30: 0 | F30: 0 | G30: 6137.84 | H30: 12959.4 | I30: 0 | J30: 108.99 | K30: 1993.3 | L30: 6137.84 | M30: 21199.53 | N30: 266.81 | O30: 1133.59 | P30: 19138.56 | Q30: 53 | R30: 607.57 | T30: 0 | U30: 21199.53 | V30: 351.46 | W30: 3360.14 | X30: 3833.98 | Y30: 11503.94 | Z30: 2150
A31: Jul 14 - Jul 20 | C31: 20083.65 | D31: 14254.69 | E31: 0 | F31: 0 | G31: 5828.96 | H31: 12144.69 | I31: 0 | J31: 31.25 | K31: 2078.75 | L31: 5828.96 | M31: 20083.65 | N31: 185.89 | O31: 1033.8 | P31: 18123.87 | Q31: 141.49 | R31: 568.61 | T31: 29.99 | U31: 20083.65 | V31: 32.39 | W31: 2496.41 | X31: 4484.49 | Y31: 11042.95 | Z31: 2027.41
... A44: Oct 13 - Oct 19 | C44: 17252.3 | D44: 13234.44 | E44: 200.1 | F44: 0 | G44: 3817.76 | H44: 11583.47 | I44: 0 | J44: 68.99 | K44: 1581.98 | L44: 4017.86 | M44: 17252.3 | N44: 73.46 | O44: 454.9 | P44: 16123.9 | Q44: 62 | R44: 496.05 | T44: 41.99 | U44: 17252.3 | V44: 88 | W44: 2891.59 | X44: 3809.79 | Y44: 9227.17 | Z44: 1235.75
A45: Oct 20 - Oct 26 | B45: 575 | C45: 18506.6 | D45: 13467.13 | E45: 255.15 | F45: 0 | G45: 4784.32 | H45: 4784.32 | I45: 0 | J45: 765.96 | K45: 1537.69 | L45: 5039.47 | M45: 18506.61 | N45: 165.51 | O45: 317.07 | P45: 17529.14 | Q45: 17.5 | R45: 405.41 | T45: 71.98 | U45: 18506.61 | V45: 0 | W45: 2812.28 | X45: 3814.43 | Y45: 10552.43 | Z45: 1327.46
A46: Oct 27 - Nov 02 | B46: 535 | C46: 17425.06 | D46: 12637.58 | E46: 367.19 | F46: 0 | G46: 4420.29 | H46: 10830.51 | I46: 0 | J46: 372.99 | K46: 1434.09 | L46: 4787.48 | M46: 17425.07 | N46: 157.29 | O46: 203.52 | P46: 16508.06 | Q46: 38 | R46: 500.21 | T46: 17.99 | U46: 17425.07 | V46: 287.98 | W46: 2102.13 | X46: 4211.55 | Y46: 9915.96 | Z46: 907.44
A47: Nov 03 - Nov 09 | B47: 539 | C47: 16264.56 | D47: 11402.71 | E47: 192.68 | F47: 0 | G47: 4669.17 | H47: 9987.75 | I47: 0 | J47: 197.8 | K47: 1217.15 | L47: 4861.85 | M47: 16264.55 | N47: 976.69 | O47: 167.3 | P47: 14626.97 | Q47: 30 | R47: 373.6 | T47: 89.99 | U47: 16264.55 | V47: 174.48 | W47: 2144.43 | X47: 4246.61 | Y47: 8894.17 | Z47: 804.87
A48: Nov 10 - Nov 16 | B48: 566 | C48: 17748.23 | D48: 12929.35 | E48: 337.96 | F48: 0 | G48: 4480.92 | H48: 11231.75 | I48: 0 | J48: 107.19 | K48: 1590.4 | L48: 4818.88 | M48: 17748.22 | N48: 758.43 | O48: 153.85 | P48: 16353.27 | Q48: 28 | R48: 448.68 | T48: 5.99 | U48: 17748.22 | V48: 123.87 | W48: 2831.11 | X48: 4206.03 | Y48: 9001.57 | Z48: 1585.65
A49: Nov 17 - Nov 23 | B49: 589 | C49: 19214.09 | D49: 12834.55 | E49: 171.69 | F49: 0 | G49: 6207.85 | H49: 10200.88 | I49: 0 | J49: 510.34 | K49: 2123.33 | L49: 6379.54 | M49: 19214.09 | N49: 344.6 | O49: 197.38 | P49: 18165.12 | Q49: 17.49 | R49: 453.52 | T49: 35.98 | U49: 19214.09 | V49: 131.78 | W49: 3118.92 | X49: 4236.62 | Y49: 10453.51 | Z49: 1273.26
A50: Nov 24 - Nov 30 | B50: 584 | C50: 19246.06 | D50: 12768.97 | E50: 102.93 | F50: 0 | G50: 6374.16 | H50: 11026.68 | I50: 0 | J50: 27 | K50: 1715.28 | L50: 6477.09 | M50: 19246.05 | N50: 197.97 | O50: 385.61 | P50: 18015.48 | Q50: 35 | R50: 576.01 | T50: 35.98 | U50: 19246.05 | V50: 191.19 | W50: 3026 | X50: 5126.61 | Y50: 9853.09 | Z50: 1049.17
A51: Dec 01 - Dec 07 | B51: 617 | C51: 19778.6 | D51: 11560.99 | E51: 137.74 | F51: 0 | G51: 8079.87 | H51: 9767.92 | I51: 0 | J51: 313.24 | K51: 1479.83 | L51: 8217.61 | M51: 19778.6 | N51: 321.4 | O51: 358.11 | P51: 18502 | Q51: 27.99 | R51: 515.11 | T51: 53.99 | U51: 19778.6 | V51: 15.89 | W51: 3444.35 | X51: 4867.35 | Y51: 10045.82 | Z51: 1405.19
A52: Dec 08 - Dec 14 | B52: 598 | C52: 18690.72 | D52: 12819.93 | E52: 140.78 | F52: 0 | G52: 5730.01 | H52: 11175.47 | I52: 0 | J52: 297.26 | K52: 1347.18 | L52: 5870.79 | M52: 18690.7 | N52: 280.43 | O52: 215.48 | P52: 17617.04 | Q52: 21 | R52: 502.78 | T52: 53.97 | U52: 18690.7 | V52: 22 | W52: 3122.5 | X52: 4171.36 | Y52: 9442.76 | Z52: 1932.1
A53: Dec 15 - Dec 21 | B53: 641 | C53: 21375.78 | D53: 12928.07 | E53: 239.59 | F53: 0 | G53: 8208.12 | H53: 10880.38 | I53: 0 | J53: 309.71 | K53: 1737.96 | L53: 8447.71 | M53: 21375.76 | N53: 360.1 | O53: 471.21 | P53: 20069.1 | Q53: 24.99 | R53: 444.37 | T53: 5.99 | U53: 21375.76 | V53: 291.97 | W53: 3954.2 | X53: 4930.99 | Y53: 10848.43 | Z53: 1350.19
A54: Dec 22 - Dec 28 | B54: 737 | C54: 26184.32 | D54: 17344.72 | E54: 135.59 | F54: 0 | G54: 8704.01 | H54: 14579.84 | I54: 0 | J54: 733.9 | K54: 2030.96 | L54: 8839.6 | M54: 26184.3 | N54: 473.28 | O54: 575.85 | P54: 24357.91 | Q54: 38.5 | R54: 714.76 | T54: 24 | U54: 26184.3 | V54: 257.94 | W54: 3696.65 | X54: 5283.33 | Y54: 14499.8 | Z54: 2446.6
A55: Dec 29 - Jan 04 | B55: 780 | C55: 26413.46 | D55: 17208.56 | E55: 307.47 | F55: 0 | G55: 8897.43 | H55: 15225.23 | I55: 0 | J55: 348.22 | K55: 1635.09 | L55: 9204.9 | M55: 26413.44 | N55: 406.16 | O55: 514.1 | P55: 24858.4 | Q55: 50 | R55: 566.81 | T55: 17.97 | U55: 26413.44 | V55: 88 | W55: 3612.15 | X55: 5572.11 | Y55: 13664.81 | Z55: 3476.39
A56: Jan 05 - Jan 11 | B56: 519 | C56: 16386.68 | D56: 10284.57 | E56: 226.17 | F56: 0 | G56: 5875.94 | H56: 8622.87 | I56: 0 | J56: 123.24 | K56: 1538.46 | L56: 6102.11 | M56: 16386.68 | N56: 293.63 | O56: 198.92 | P56: 15466.3 | Q56: 10.5 | R56: 393.35 | T56: 23.98 | U56: 16386.68 | V56: 136.25 | W56: 2352.61 | X56: 4114.33 | Y56: 8373.68 | Z56: 1409.81
A57: Jan 12 - Jan 18 | B57: 543 | C57: 17591.65 | D57: 11970.36 | E57: 148.78 | F57: 0 | G57: 5472.51 | H57: 9884.28 | I57: 0 | J57: 366.98 | K57: 1719.1 | L57: 5621.29 | M57: 17591.65 | N57: 153.79 | O57: 294.26 | P57: 16641.28 | Q57: 24.5 | R57: 405.82 | T57: 72 | U57: 17591.65 | V57: 133.39 | W57: 1791.64 | X57: 4169.25 | Y57: 10134.99 | Z57: 1362.38
A58: Jan 19 - Jan 25 | B58: 507 | C58: 17594.5 | D58: 9596.89 | E58: 254.86 | F58: 0 | G58: 7742.75 | H58: 8359.86 | I58: 0 | J58: 49 | K58: 1188.03 | L58: 7997.61 | M58: 17594.5 | N58: 183.09 | O58: 139.87 | P58: 16900.56 | Q58: 24.5 | R58: 334.5 | T58: 11.98 | U58: 17594.5 | V58: 0 | W58: 3284.79 | X58: 3892.7 | Y58: 9240 | Z58: 1177.01
A59: Jan 26 - Feb 01 | B59: 588 | C59: 19111.36 | D59: 12568.11 | E59: 415.58 | F59: 0 | G59: 6127.67 | H59: 10481.81 | I59: 0 | J59: 306.96 | K59: 1779.32 | L59: 6543.25 | M59: 19111.34 | N59: 247.34 | O59: 127.85 | P59: 18212.62 | Q59: 53.5 | R59: 440.04 | T59: 29.99 | U59: 19111.34 | V59: 72.4 | W59: 3592.07 | X59: 3662.56 | Y59: 10085.95 | Z59: 1698.38
A60: Feb 02 - Feb 08 | B60: 556 | C60: 18696.57 | D60: 12060.52 | E60: 423.52 | F60: 0 | G60: 6212.53 | H60: 10345.14 | I60: 0 | J60: 116.99 | K60: 1598.39 | L60: 6636.05 | M60: 18696.57 | N60: 354.87 | O60: 145.33 | P60: 17730.33 | Q60: 30.98 | R60: 419.46 | S60: $3.60 | T60: 12 | U60: 18696.57 | V60: 372.39 | W60: 2454.57 | X60: 4428.08 | Y60: 10661.47 | Z60: 780.06
A61: Feb 09 - Feb 15 | B61: 606 | C61: 19918.93 | D61: 12665.61 | E61: 375.04 | F61: 0 | G61: 6878.28 | H61: 10140.33 | I61: 0 | J61: 358.96 | K61: 2166.3 | L61: 7253.32 | M61: 19918.91 | N61: 377.97 | O61: 241.22 | P61: 18755.15 | Q61: 37.99 | R61: 481.39 | S61: 7.2 | T61: 17.99 | U61: 19918.91 | V61: 97.23 | W61: 3053.7 | X61: 3496.73 | Y61: 11984.48 | Z61: 1286.79
A62: Feb 16 - Feb 22 | B62: 431 | C62: 13373.22 | D62: 7832.69 | E62: 179.58 | F62: 0 | G62: 5360.95 | H62: 6573.7 | I62: 0 | J62: 128.24 | K62: 1130.73 | L62: 5540.53 | M62: 13373.2 | N62: 271.43 | O62: 181.32 | P62: 12592.47 | Q62: 24.5 | R62: 287.79 | S62: 9.7 | T62: 5.99 | U62: 13373.2 | V62: 27 | W62: 969.11 | X62: 5672.01 | Y62: 5029.91 | Z62: 1675.19
A63: Feb 23 - Mar 01 | B63: 510 | C63: 16721.86 | D63: 9985.52 | E63: 186.37 | F63: 0 | G63: 6549.97 | H63: 8475.13 | I63: 0 | J63: 254.98 | K63: 1255.4 | L63: 6736.34 | M63: 16721.85 | N63: 262.24 | O63: 169.31 | P63: 15878.03 | Q63: 53.5 | R63: 355.17 | S63: 3.6 | U63: 16721.85 | V63: 239.44 | W63: 1823.2 | X63: 7941.81 | Y63: 4963.96 | Z63: 1753.45
A64: Mar 02 - Mar 08 | B64: 561 | C64: 18657.85 | D64: 10767.42 | E64: 443.56 | F64: 0 | G64: 7446.87 | H64: 9141.84 | I64: 0 | J64: 268.97 | K64: 1356.61 | L64: 7890.43 | M64: 18657.85 | N64: 230.96 | O64: 337.61 | P64: 17677.73 | Q64: 3.5 | R64: 395.96 | S64: 6.1 | T64: 5.99 | U64: 18657.85 | V64: 0 | W64: 950.09 | X64: 8772.82 | Y64: 6685.38 | Z64: 2249.56
A65: Mar 09 - Mar 15 | B65: 580 | C65: 19775.89 | D65: 12743.75 | E65: 46.78 | F65: 0 | G65: 6985.36 | H65: 11399.42 | I65: 0 | J65: 212.24 | K65: 1132.09 | L65: 7032.14 | M65: 19775.89 | N65: 270.76 | O65: 328.04 | P65: 18831.51 | Q65: 17.5 | R65: 322.09 | S65: 0 | T65: 5.99 | U65: 19775.89 | V65: 18 | W65: 1158.1 | X65: 5150.95 | Y65: 10425.25 | Z65: 3023.59
A66: Mar 16 - Mar 22 | B66: 734 | C66: 26371.2 | D66: 17617.94 | E66: 194.97 | F66: 0 | G66: 8558.29 | H66: 15439.47 | I66: 0 | J66: 287.73 | K66: 1890.74 | L66: 8753.26 | M66: 26371.2 | N66: 354.61 | O66: 509.42 | P66: 24901.89 | Q66: 43 | R66: 539.48 | S66: 10.8 | T66: 12 | U66: 26371.2 | V66: 19 | W66: 2555.1 | X66: 6364.45 | Y66: 13901.77 | Z66: 3530.88
A67: Mar 23 - Mar 29 | B67: 545 | C67: 18776.17 | D67: 11433.64 | E67: 222.17 | F67: 0 | G67: 7120.36 | H67: 9968.6 | I67: 0 | J67: 208.46 | K67: 1256.58 | L67: 7342.53 | M67: 18776.17 | N67: 332.21 | O67: 260.66 | P67: 17690.44 | Q67: 11 | R67: 412.27 | S67: 3.6 | T67: 65.99 | U67: 18776.17 | V67: 478.44 | W67: 2787.13 | X67: 3961.78 | Y67: 10412.48 | Z67: 1136.34
A68: Mar 30 - Apr 05 | B68: 618 | C68: 20335.7 | D68: 14342.6 | E68: 185.29 | F68: 0 | G68: 5807.81 | H68: 12326.94 | I68: 0 | J68: 132.48 | K68: 1883.17 | L68: 5993.1 | M68: 20335.69 | N68: 327.09 | O68: 539.82 | P68: 18853.66 | Q68: 38.5 | R68: 546.63 | S68: 0 | T68: 29.99 | U68: 20335.69 | V68: 206.99 | W68: 2541.95 | X68: 4106.78 | Y68: 12066.94 | Z68: 1413.04
A69: Apr 06 - Apr 12 | B69: 589 | C69: 18800.32 | D69: 12924.64 | E69: 265.15 | F69: 0 | G69: 5610.53 | H69: 11164.01 | I69: 0 | J69: 190.89 | K69: 1569.74 | L69: 5875.68 | M69: 18800.32 | N69: 217.96 | O69: 353.06 | P69: 17547.28 | Q69: 48.99 | R69: 622.21 | S69: 10.8 | T69: 0 | U69: 18800.3 | V69: 99.89 | W69: 2695.71 | X69: 3734.08 | Y69: 10647.22 | Z69: 1623.42
A70: Apr 13 - Apr 19 | B70: 600 | C70: 19777.68 | D70: 12084.72 | E70: 186.26 | F70: 0 | G70: 7506.7 | H70: 10536.83 | I70: 0 | J70: 108.99 | K70: 1438.9 | L70: 7692.96 | M70: 19777.68 | N70: 254.96 | O70: 409.48 | P70: 18571.96 | Q70: 42 | R70: 484.82 | S70: 14.4 | T70: 0 | U70: 19777.62 | V70: 52.8 | W70: 3598.93 | X70: 3789.65 | Y70: 10723.89 | Z70: 1612.41
A71: Apr 20 - Apr 26 | B71: 609 | C71: 20501.49 | D71: 13642.92 | E71: 247.87 | F71: 0 | G71: 6610.7 | H71: 11833.25 | I71: 0 | J71: 108 | K71: 1701.67 | L71: 6858.57 | M71: 20501.49 | N71: 274.63 | O71: 522.31 | P71: 19052.14 | Q71: 50.49 | R71: 594.72 | S71: 7.2 | T71: 0 | U71: 20501.49 | V71: 195.97 | W71: 3213.87 | X71: 4235.69 | Y71: 11219.78 | Z71: 1636.18
A72: Apr 27 - May 03 | B72: 570 | C72: 18314.56 | D72: 12348.46 | E72: 442.98 | F72: 0 | G72: 5523.12 | H72: 10287.68 | I72: 0 | J72: 79.75 | K72: 1981.03 | L72: 5966.1 | M72: 18314.56 | N72: 215.25 | O72: 381.04 | P72: 17138.02 | Q72: 84 | R72: 489.04 | S72: 7.2 | T72: 0 | U72: 18314.55 | V72: 0 | W72: 2566.93 | X72: 3673.24 | Y72: 10430.95 | Z72: 1643.44
A73: May 4 - May 10 | B73: 577 | C73: 17697.49 | D73: 13729.71 | E73: 146.37 | F73: 0 | G73: 3821.41 | H73: 11474.37 | I73: 0 | J73: 0 | K73: 2255.34 | L73: 3967.78 | M73: 17697.49 | N73: 129.12 | O73: 493.84 | P73: 16463.01 | Q73: 96 | R73: 515.51 | T73: 0 | U73: 17697.48 | V73: 237.46 | W73: 2465.93 | X73: 3409.25 | Y73: 10207.31 | Z73: 1377.54
A74: May 11 - May 17 | B74: 593 | C74: 19387.49 | D74: 14115.12 | E74: 221.03 | F74: 0 | G74: 5051.34 | H74: 11415.13 | I74: 0 | J74: 99.95 | K74: 2600.04 | L74: 5272.37 | M74: 19387.49 | N74: 173.51 | O74: 596.62 | P74: 18048.23 | Q74: 71 | R74: 494.53 | S74: 3.6 | U74: 19387.49 | V74: 186.93 | W74: 2672.72 | X74: 3186.51 | Y74: 10880.61 | Z74: 2460.72
A75: May 18 - May 24 | B75: 547 | C75: 18435.67 | D75: 12386.86 | E75: 156.96 | F75: 0 | G75: 5891.85 | H75: 10197.19 | I75: 0 | J75: 22.99 | K75: 2166.68 | L75: 6048.81 | M75: 18435.67 | N75: 199.47 | O75: 461.9 | P75: 17292.33 | Q75: 71.49 | R75: 406.87 | S75: 3.6 | U75: 18435.66 | V75: 617.98 | W75: 2572.88 | X75: 3970.06 | Y75: 9863.98 | Z75: 1410.77
A76: May 25 - May 31 | B76: 623 | C76: 22735.22 | D76: 16325.45 | E76: 158.66 | F76: 0 | G76: 6251.11 | H76: 13887.78 | I76: 0 | J76: 161.94 | K76: 2275.73 | L76: 6409.77 | M76: 22735.22 | N76: 109.82 | O76: 589.98 | P76: 21414.86 | Q76: 68.5 | R76: 536.25 | S76: 15.8 | U76: 22735.21 | V76: 52.63 | W76: 3058.06 | X76: 4301.6 | Y76: 13081.04 | Z76: 2241.89

Sheet Pizza K Eglinton
B1: Sales by Sections | H1: Sales by Order Type | N1: Sales by Category (Net Sales) | T1: Daily and Hourly Sales (TBD)
B2: Total Bill Count | C2: Net Sales | D2: Remaining | E2: Skip | F2: DD | G2: Uber | H2: Take Out | I2: Delivery | J2: Bar Tab | K2: Dine-In | L2: Online Order | M2: Net Sales | N2: Drinks | O2: Food (Pizza K) | P2: Food Court | Q2: Smash Ox Burger | R2: Uncategorized | S2: Net Sales | T2: 8AM - 11AM | U2: 11AM - 3PM | V2: 3PM - 6PM | W2: 6PM - 11PM | X2: 11PM-7AM
A3: Dec 30 - Jan 05 2025
A4: Jan 06 - Jan 12 2025
A5: Jan 13 - Jan 19 2025
A6: Jan 20 - Jan 26 2025
A7: Jan 27 - Feb 02 2025
A8: Feb 03 - Feb 09 2025 | C8: 25785.18 | D8: 25785.18 | E8: 0 | F8: 0 | G8: 0 | H8: 18727.75 | I8: 0 | J8: 0 | K8: 7057.47 | L8: 0 | M8: 25785.22 | N8: 843.76 | O8: 24813.46 | P8: 128 | R8: 0 | S8: 25785.22
A9: Feb 10 - Feb 16 2025 | C9: 26342.05 | D9: 26342.05 | E9: 0 | F9: 0 | G9: 0 | H9: 19985.95 | I9: 0 | J9: 0 | K9: 6356.12 | L9: 0 | M9: 26342.07 | N9: 865.01 | O9: 25417.06 | P9: 60 | R9: 0 | S9: 26342.07 | T9: 0 | U9: 2517.02 | V9: 4644.48 | W9: 14645.41 | X9: 4535.14
A10: Feb 17 - Feb 23 2025 | C10: 29300.91 | D10: 29300.91 | E10: 0 | F10: 0 | G10: 0 | H10: 20433.86 | I10: 0 | J10: 0 | K10: 8867.05 | L10: 0 | M10: 29300.91 | N10: 1073.15 | O10: 28026.76 | P10: 201 | R10: 0 | S10: 29300.91
A11: Feb 24 - Mar 02 2025 | C11: 23559.79 | D11: 17339.25 | E11: 0 | F11: 499.96 | G11: 5720.58 | H11: 11683.63 | I11: 0 | J11: 0 | K11: 5655.64 | L11: 6220.54 | M11: 23559.81 | N11: 735.72 | O11: 22667.09 | P11: 157 | R11: 0 | S11: 23559.81 | T11: 0 | U11: 2352.18 | V11: 6702.39 | W11: 11027.15 | X11: 3478.08
A12: Mar 03 - Mar 09 2025 | C12: 26360.52 | D12: 19061.44 | E12: 898.78 | F12: 169.2 | G12: 6231.1 | H12: 12933.83 | I12: 0 | J12: 0 | K12: 6127.6 | L12: 7299.08 | M12: 26360.51 | N12: 865.17 | O12: 25347.84 | P12: 147.5 | R12: 0 | S12: 26360.51 | T12: 0 | U12: 1509.86 | V12: 8825.1 | W12: 9791.61 | X12: 6233.95
A13: Mar 10 - Mar 16 2025 | C13: 30492.57 | D13: 21596.66 | E13: 1187.71 | F13: 198.6 | G13: 7509.6 | H13: 14340.23 | I13: 0 | J13: 0 | K13: 7256.45 | L13: 8895.91 | M13: 30492.59 | N13: 949.96 | O13: 29405.63 | P13: 137 | R13: 0 | S13: 30492.59 | T13: 0 | U13: 1292.66 | V13: 5453.6 | W13: 16453.57 | X13: 7292.74
A14: Mar 17 - Mar 23 2025 | C14: 31662.34 | D14: 22681.9 | E14: 613.34 | F14: 299.19 | G14: 8067.91 | H14: 15298.91 | I14: 0 | J14: 0 | K14: 7383.05 | L14: 8980.44 | M14: 31662.4 | N14: 917.64 | O14: 30564.76 | P14: 180 | R14: 0 | S14: 31662.4 | T14: 0 | U14: 1338.71 | V14: 6114.97 | W14: 17245.8 | X14: 6962.86
A15: Mar 24 - Mar 30 2025 | C15: =G15+F15+E15+D15 | D15: 26202.62 | E15: 850.61 | F15: 604.78 | G15: 10894.53 | H15: 17616.63 | I15: 0 | J15: 0 | K15: 8586.08 | L15: 12349.92 | M15: 38552.63 | N15: 1270.42 | O15: 37103.21 | P15: 179 | R15: 0 | S15: 38552.63 | T15: 14 | U15: 3440.41 | V15: 5664.33 | W15: 20092.84 | X15: 9340.96
A16: March 31 - April 6 | C16: 34829.62 | D16: 24641.64 | E16: 999.37 | F16: 205.2 | G16: 8983.4 | H16: 14743.68 | I16: 0 | J16: 0 | K16: 9897.95 | L16: 10406.96 | M16: 35048.59 | N16: 1433.88 | O16: 33445.71 | P16: 169 | R16: 0 | S16: 35048.59 | T16: 4644.15 | U16: 23334.35 | V16: =4271.06+2580.16
A17: April 7 - April 13 | C17: 33358.89 | D17: 25093.37 | E17: 527.6 | F17: 306.57 | G17: 7431.35 | H17: 15644.25 | I17: 0 | J17: 0 | K17: 9449.14 | L17: 8265.52 | M17: 33358.91 | N17: 1210.39 | O17: 32041.02 | P17: 107.5 | R17: 0 | S17: 33358.91 | T17: 0 | U17: 3775.43 | V17: 5788.33 | W17: 18093.91 | X17: =3106.5+2594.72
A18: April 14 - April 20 | C18: 37719.85 | D18: 29230.44 | E18: 771.35 | F18: 597.72 | G18: 7120.34 | H18: 17877.46 | I18: 0 | J18: 0 | K18: 11401.84 | L18: 8489.41 | M18: 37768.71 | N18: 1415 | O18: 36160.71 | P18: 193 | R18: 0 | S18: 37768.71 | T18: 0 | U18: 4407.8 | V18: 7314.37 | W18: 20004.08 | X18: =3319.27+2674.33
A19: Apr 21 - Apr 27 | C19: 32696.87 | D19: 24557.66 | E19: 762.23 | F19: 358.83 | G19: 7018.15 | H19: 14157.07 | I19: 0 | J19: 0 | K19: 10400.69 | L19: 8139.21 | M19: 32696.97 | N19: 1577.3 | O19: 31010.67 | P19: 109 | R19: 0 | S19: =P19+O19+N19 | T19: 0 | U19: 3919.7 | V19: 5597.34 | W19: 17680.07 | X19: 5499.76
A20: Apr 28 - May 4 | C20: 32178.58 | D20: 25692.62 | E20: 766.37 | F20: 371.6 | G20: 5347.99 | H20: 15690.31 | I20: 0 | J20: 0 | K20: 10002.39 | L20: 6485.96 | M20: 32178.66 | N20: 1296.06 | O20: 30727.6 | P20: 155 | R20: 0 | S20: 32178.66 | T20: 0 | U20: 3589.45 | V20: 5424.85 | W20: 17639.67 | X20: 5524.61
A21: May 5 - May 11 | C21: 35456.79 | D21: 27199.04 | E21: 936.81 | F21: 212.99 | G21: 7107.95 | H21: 16807.53 | I21: 0 | J21: 0 | K21: 10391.61 | L21: 8257.75 | M21: 35456.89 | N21: 1317.02 | O21: 34009.37 | P21: 130.5 | R21: 0 | S21: 35456.89 | T21: 0 | U21: 3851.59 | V21: 5812.38 | W21: 20316.61 | X21: 5476.21
A22: May 12 - May 18 | C22: 33561.9 | D22: 26057.63 | E22: 547.72 | F22: 446.95 | G22: 6509.6 | H22: 15439.95 | I22: 0 | J22: 1.78 | K22: 10615.92 | L22: 7504.27 | M22: 33561.92 | N22: 1207.89 | O22: 32226.53 | P22: 127.5 | R22: 0 | S22: 33561.92 | T22: 0 | U22: 2795.98 | V22: 5632.7 | W22: 18169.07 | X22: 6964.15
A23: May 19 - May 25 | C23: 34569.42 | D23: 27029.09 | E23: 827.39 | F23: 362.08 | G23: 6350.86 | H23: 16647.39 | I23: 0 | J23: 0 | K23: 10381.72 | L23: 7540.33 | M23: 34569.44 | N23: 1222.42 | O23: 33148.02 | P23: 199 | R23: 0 | S23: 34569.44 | T23: 28.89 | U23: 3013.96 | V23: 7039.16 | W23: 18601.26 | X23: 5886.15
A24: May 26 - Jun 01 | C24: 33583.35 | D24: 26050.21 | E24: 508.94 | F24: 158.38 | G24: 6865.82 | H24: 15566.11 | I24: 0 | J24: 0 | K24: 10484.12 | L24: 7533.14 | M24: 33583.37 | N24: 1264.82 | O24: 32152.05 | P24: 166.5 | R24: 0 | S24: 33583.37 | T24: 0 | U24: 2901.14 | V24: 5979.98 | W24: 19224.18 | X24: 5478.05
A25: Jun 02 - Jun 08 | C25: 39076.66 | D25: 30285.8 | E25: 584.15 | F25: 555.57 | G25: 7651.14 | H25: 17430.66 | I25: 0 | J25: 0 | K25: 12855.17 | L25: 8790.86 | M25: 39076.7 | N25: 1725.77 | O25: 37161.43 | P25: 189.5 | R25: 0 | S25: 39076.7 | T25: 0 | U25: 4337.2 | V25: 5638.61 | W25: 20706.01 | X25: 8394.84
A26: Jun 09 - Jun 15 | C26: 35369.66 | D26: 27482.76 | E26: 1139 | F26: 266.87 | G26: 6481.03 | H26: 17344.87 | I26: 0 | J26: 0 | K26: 10137.95 | L26: 7886.9 | M26: 35369.72 | N26: 1496.47 | O26: 33605.25 | P26: 268 | R26: 0 | S26: 35369.72 | T26: 12 | U26: 4161.98 | V26: 4939.09 | W26: 19404.22 | X26: 6852.37
A27: Jun 16 - Jun 22 | C27: 36493.44 | D27: 27702.72 | E27: 1131.29 | F27: 424.56 | G27: 7234.87 | H27: 16855.36 | I27: 0 | J27: 0 | K27: 10847.42 | L27: 8790.72 | M27: 36493.5 | N27: 1597.62 | O27: 34788.38 | P27: 107.5 | R27: 0 | S27: 36493.5 | T27: 24.78 | U27: 3848.23 | V27: 5453.03 | W27: 20876.46 | X27: 6290.94
A28: Jun 23 - Jun 29 | C28: 43298.28 | D28: 33615.84 | E28: 872.82 | F28: 587.17 | G28: 8222.45 | H28: 20704.17 | I28: 0 | J28: 0 | K28: 12911.69 | L28: 9682.44 | M28: 43298.3 | N28: 1770.27 | O28: 41411.03 | P28: 117 | R28: 0 | S28: 43298.3 | T28: 0 | U28: 5910.23 | V28: 6559.96 | W28: 23314.59 | X28: 7513.5
A29: Jun 30 - Jul 06 | C29: 43696.36 | D29: 35061.14 | E29: 599.72 | F29: 601.62 | G29: 7433.88 | H29: 21516.06 | I29: 0 | J29: 0 | K29: 13545.02 | L29: 8635.22 | M29: 43696.3 | N29: 1792.55 | O29: 41787.75 | P29: 116 | R29: 0 | S29: 43696.3 | T29: 0 | U29: 4456.59 | V29: 5527.16 | W29: 23498.84 | X29: 10213.77
A30: Jul 07 - Jul 13 | C30: 39228.65 | D30: 31189.46 | E30: 549.67 | F30: 705.86 | G30: 6783.66 | H30: 20503.62 | I30: 0 | J30: 0 | K30: 10685.84 | L30: 8039.19 | M30: 39228.65 | N30: 1537.11 | O30: 37606.54 | P30: 85 | R30: 0 | S30: 39228.65 | T30: 0 | U30: 4188.12 | V30: 5417.42 | W30: 21908.91 | X30: 7714.2
A31: Jul 14 - Jul 20 | C31: 38732.85 | D31: 30147.56 | E31: 602.82 | F31: 386.79 | G31: 7595.68 | H31: 19139.71 | I31: 0 | J31: 0 | K31: 11007.84 | L31: 8585.29 | M31: 38732.84 | N31: 1643.25 | O31: 36774.6 | P31: 117 | R31: 197.99 | S31: 38732.84 | T31: 0 | U31: 4060.28 | V31: 5470.16 | W31: 21091.78 | X31: 8110.63
... A45: Oct 20 - Oct 26 | C45: 33616.29 | D45: 25602.63 | E45: 834.67 | F45: 337.75 | G45: 6841.24 | H45: 6841.24 | I45: 0 | J45: 0 | K45: 9453.35 | L45: 8013.66 | M45: 33616.24 | N45: 1294.92 | O45: 32201.33 | P45: 102 | R45: 17.99 | S45: 33616.24 | T45: 0 | U45: 3872.67 | V45: 6105.04 | W45: 18571.05 | X45: 5067.53
A46: Oct 27 - Nov 02 | B46: 979 | C46: 33277.95 | D46: 23552.91 | E46: 775.33 | F46: 557.08 | G46: 8392.63 | H46: 15876.43 | I46: 0 | J46: 0 | K46: 7676.41 | L46: 9725.04 | M46: 33277.88 | N46: 1065.64 | O46: 32095.24 | P46: 81 | R46: 36 | S46: 33277.88 | T46: 0 | U46: 3084.66 | V46: 7203.61 | W46: 19014.75 | X46: 3974.93
A47: Nov 03 - Nov 09 | B47: 879 | C47: 28533.75 | D47: 21086.37 | E47: 642.82 | F47: 391.03 | G47: 6413.53 | H47: 14202.48 | I47: 0 | J47: 0 | K47: 6883.85 | L47: 7447.38 | M47: 28533.71 | N47: 1084.24 | O47: 27294.49 | P47: 95 | R47: 59.98 | S47: 28533.71 | T47: 0 | U47: 3481.37 | V47: 6312.91 | W47: 14446.54 | X47: 4292.93
A48: Nov 10 - Nov 16 | B48: 937 | C48: 29074.81 | D48: 22138.82 | E48: 728.93 | F48: 267.66 | G48: 5939.4 | H48: 15201.28 | I48: 0 | J48: 0 | K48: 6937.53 | L48: 6935.99 | M48: 29074.8 | N48: 878.93 | O48: 28047.88 | P48: 82 | R48: 65.99 | S48: 29074.8 | T48: 0 | U48: 3795.11 | V48: 5610.22 | W48: 15358.02 | X48: 4311.46
A49: Nov 17 - Nov 23 | B49: 989 | C49: 33988.91 | D49: 24701.18 | E49: 449.73 | F49: 468.51 | G49: 8369.49 | H49: 16509.08 | I49: 0 | J49: 0 | K49: 8192.11 | L49: 9287.73 | M49: 33988.92 | N49: 972.24 | O49: 32743.18 | P49: 153.5 | R49: 120 | S49: 33988.92 | T49: 0 | U49: 3624.62 | V49: 6740.52 | W49: 18544.7 | X49: 5079.07
A50: Nov 24 - Nov 30 | B50: 1063 | C50: 35264.52 | D50: 24221.36 | E50: 844.61 | F50: 565.92 | G50: 9632.63 | H50: 15877.62 | I50: 0 | J50: 0 | K50: 8343.73 | L50: 11043.16 | M50: 35264.51 | N50: 948.89 | O50: 34071.62 | P50: 160 | R50: 84 | S50: 35264.51 | T50: 0 | U50: 3847.14 | V50: 7807.85 | W50: 18100.21 | X50: 5509.32
A51: Dec 01 - Dec 07 | B51: 966 | C51: 33345.07 | D51: 20425.93 | E51: 578.79 | F51: 551.85 | G51: 11788.5 | H51: 15164.54 | I51: 0 | J51: 0 | K51: 5236.01 | L51: 12944.51 | M51: 33345.06 | N51: 772.22 | O51: 32479.84 | P51: 57 | R51: 36 | S51: 33345.06 | T51: 0 | U51: 3552.14 | V51: 7203.05 | W51: 17856.59 | X51: 4733.29
A52: Dec 08 - Dec 14 | B52: 1,018 | C52: 34683.6 | D52: 22103.09 | E52: 620.99 | F52: 504.76 | G52: 11454.76 | H52: 15812.56 | I52: 0 | J52: 0 | K52: 6290.49 | L52: 12580.51 | M52: 34683.56 | N52: 920.13 | O52: 33638.93 | P52: 124.5 | R52: 0 | S52: 34683.56 | T52: 0 | U52: 4292.47 | V52: 8279.75 | W52: 17116.21 | X52: 4995.17
A53: Dec 15 - Dec 21 | B53: 1,078 | C53: 36575.23 | D53: 24496.68 | E53: 960.82 | F53: 680.74 | G53: 10436.99 | H53: 15722.21 | I53: 0 | J53: 0 | K53: 8774.4 | L53: 12078.55 | M53: 36575.16 | N53: 1106.38 | O53: 35351.78 | P53: 81 | R53: 36 | S53: 36575.16 | T53: 0 | U53: 4747.48 | V53: 8034.44 | W53: 18209.03 | X53: 5584.28
A54: Dec 22 - Dec 28 | B54: 1503 | C54: 51227.24 | D54: 772.06 | E54: 736.64 | F54: 14159.75 | G54: 35558.79 | H54: 22860.15 | I54: 0 | J54: 0 | K54: 12698.63 | L54: 15668.45 | M54: 51227.23 | N54: 1798.35 | O54: 49150.4 | P54: 134.5 | R54: 143.98 | S54: 51227.23 | T54: 0 | U54: 5541.21 | V54: 10089.48 | W54: 26564.81 | X54: 9031.74
A55: Dec 29 - Jan 04 | B55: 1,402 | C55: 50792.8 | D55: 35391.37 | E55: 1035.56 | F55: 855.5 | G55: 13510.37 | H55: 22690.9 | I55: 0 | J55: 0 | K55: 12700.35 | L55: 15401.43 | M55: 50792.68 | N55: 1680.45 | O55: 48858.23 | P55: 218 | R55: 36 | S55: 50792.68 | T55: 0 | U55: 5133.54 | V55: 9231.68 | W55: 26037.67 | X55: 10389.91
A56: Jan 05 - Jan 11 | B56: 1,049 | C56: 35125.23 | D56: 22347.09 | E56: 381.19 | F56: 706.57 | G56: 11690.38 | H56: 14631.11 | I56: 0 | J56: 0 | K56: 7715.95 | L56: 12778.14 | M56: 35125.2 | N56: 969.99 | O56: 34075.23 | P56: 68 | R56: 11.98 | S56: 35125.2 | T56: 5.99 | U56: 4160.05 | V56: 8220.95 | W56: 17085.29 | X56: 5652.95
A57: Jan 12 - Jan 18 | B57: 996 | C57: 34341.92 | D57: 20852 | E57: 716.62 | F57: 430.49 | G57: 12342.81 | H57: 14226.9 | I57: 0 | J57: 0 | K57: 6625.07 | L57: 13489.92 | M57: 34341.89 | N57: 931.23 | O57: 33274.66 | P57: 100 | R57: 36 | S57: 34341.89 | T57: 0 | U57: 4426.74 | V57: 7895.51 | W57: 17473.9 | X57: 4545.77
A58: Jan 19 - Jan 25 | B58: 829 | C58: 28525.14 | D58: 16616.19 | E58: 614.34 | F58: 395.25 | G58: 10899.36 | H58: 11765.98 | I58: 0 | J58: 0 | K58: 4850.18 | L58: 11908.95 | M58: 28525.11 | N58: 759.59 | O58: 27727.52 | P58: 14 | R58: 24 | S58: 28525.11 | T58: 0 | U58: 3616.15 | V58: 5957.49 | W58: 15890.99 | X58: 3060.51
A59: Jan 26 - Feb 01 | B59: 1,040 | C59: 35451.17 | D59: 23002.45 | E59: 493.67 | F59: 403.23 | G59: 11551.82 | H59: 15387.42 | I59: 0 | J59: 0 | K59: 7615.01 | L59: 12448.72 | M59: 35451.15 | N59: 1004.29 | O59: 34415.36 | P59: 31.5 | R59: 0 | S59: 35451.15 | T59: 0 | U59: 4245.5 | V59: 6419.43 | W59: 20378.72 | X59: 4407.52
A60: Feb 02 - Feb 08 | B60: 956 | C60: 33447.54 | D60: 21446.81 | E60: 172.22 | F60: 403.87 | G60: 11424.64 | H60: 14415.74 | I60: 0 | J60: 0 | K60: 7031.08 | L60: 12000.73 | M60: 33447.55 | N60: 876.94 | O60: 32495.91 | P60: 31.5 | Q60: $7.20 | R60: 36 | S60: 33447.55 | T60: 0 | U60: 4894.81 | V60: 7146.36 | W60: 16996.74 | X60: 4409.63
A61: Feb 09 - Feb 15 | B61: 1,178 | C61: 40722.22 | D61: 26938.6 | E61: 721.84 | F61: 525.76 | G61: 12536.02 | H61: 18387.66 | I61: 0 | J61: 0 | K61: 8550.89 | L61: 13783.62 | M61: 40722.17 | N61: 1232.32 | O61: 39366.85 | P61: 75 | Q61: 36 | R61: 12 | S61: 40722.17 | T61: 0 | U61: 5483.37 | V61: 7365.1 | W61: 23026.53 | X61: 4847.22
A62: Feb 16 - Feb 22 | B62: 980 | C62: 32445.87 | D62: 20392.18 | E62: 568.01 | F62: 432.23 | G62: 11053.45 | H62: 14422.62 | I62: 0 | J62: 0 | K62: 5969.57 | L62: 12053.69 | M62: 32445.88 | N62: 778.42 | O62: 31572.36 | P62: 67.5 | Q62: 3.6 | R62: 24 | S62: 32445.88 | T62: 0 | U62: 2883.63 | V62: 11877.06 | W62: 11671.05 | X62: 6014.13
A63: Feb 23 - Mar 01 | B63: 912 | C63: 30663.1 | D63: 19187.5 | E63: 516.55 | F63: 701.02 | G63: 10258.03 | H63: 13674.31 | I63: 0 | J63: 0 | K63: 5513.14 | L63: 11475.6 | M63: 30663.05 | N63: 635.95 | O63: 29967.2 | P63: 45.5 | Q63: 14.4 | R63: 0 | S63: 30663.05 | T63: 0 | U63: 1497.85 | V63: 15035.29 | W63: 8845.75 | X63: 5284.21
A64: Mar 02 - Mar 08 | B64: 1,022 | C64: 33206.06 | D64: 21042.24 | E64: 283.17 | F64: 471.19 | G64: 11409.46 | H64: 14392.66 | I64: 0 | J64: 0 | K64: 6649.56 | L64: 12163.82 | M64: 33206.04 | N64: 829.22 | O64: 32334.73 | P64: 30 | Q64: 6.1 | R64: 5.99 | S64: 33206.04 | T64: 0 | U64: 1601.83 | V64: 14584.86 | W64: 10281.59 | X64: 6737.78
A65: Mar 09 - Mar 15 | B65: 1,086 | C65: 37417.57 | D65: 24398.94 | E65: 504.28 | F65: 880.38 | G65: 11633.97 | H65: 17403.5 | I65: 0 | J65: 0 | K65: 6995.4 | L65: 13018.63 | M65: 37417.53 | N65: 826.2 | O65: 36527.23 | P65: 42.5 | Q65: 21.6 | R65: 0 | S65: 37417.53 | T65: 0 | U65: 1893.71 | V65: 8702.54 | W65: 18453.13 | X65: 8368.19
A66: Mar 16 - Mar 22 | B66: 1,522 | C66: 54292.14 | D66: 37618.17 | E66: 580.05 | F66: 906.18 | G66: 15187.74 | H66: 24242.45 | I66: 0 | J66: 0 | K66: 13375.69 | L66: 16673.97 | M66: 54292.11 | N66: 1711.45 | O66: 52387.28 | P66: 162 | Q66: 19.4 | R66: 11.98 | S66: 54292.11 | T66: 0 | U66: 4520.4 | V66: 10038.84 | W66: 27242.36 | X66: 12490.54
A67: Mar 23 - Mar 29 | B67: 1,090 | C67: 37725.42 | D67: 25371.39 | E67: 615.32 | F67: 431.24 | G67: 11307.47 | H67: 16166.98 | I67: 0 | J67: 0 | K67: 9204.39 | L67: 12354.03 | M67: 37725.4 | N67: 1128.04 | O67: 36529.36 | P67: 65.5 | Q67: 2.5 | R67: 0 | S67: 37725.4 | T67: 0 | U67: 4291.69 | V67: 7427.01 | W67: 20264.09 | X67: 5742.63
A68: Mar 30 - Apr 05 | B68: 1,291 | C68: 44392.95 | D68: 29338.06 | E68: 573.36 | F68: 833.48 | G68: 13648.05 | H68: 18804.7 | I68: 0 | J68: 0 | K68: 10533.31 | L68: 15054.89 | M68: 44392.9 | N68: 1248.58 | O68: 43029.52 | P68: 101.5 | Q68: 13.3 | R68: 0 | S68: 44392.9 | T68: 0 | U68: 4752.56 | V68: 7950.81 | W68: 23341.4 | X68: 8348.18
A69: Apr 06 - Apr 12 | B69: 1,047 | C69: 34464.77 | D69: 23530.55 | E69: 371.95 | F69: 700.62 | G69: 9861.65 | H69: 15326.48 | I69: 0 | J69: 0 | K69: 8204.07 | L69: 10934.22 | M69: 34464.77 | N69: 1005.18 | O69: 33318.89 | P69: 131 | Q69: 9.7 | R69: 0 | S69: 34464.77 | T69: 0 | U69: 4220.15 | V69: 5557.26 | W69: 18484.15 | X69: 6203.21
A70: Apr 13 - Apr 19 | B70: 1,033 | C70: 36522.67 | D70: 24918.05 | E70: 445.83 | F70: 589.6 | G70: 10569.19 | H70: 17292.47 | I70: 0 | J70: 0 | K70: 7625.58 | L70: 11604.62 | M70: 36522.67 | N70: 1077.74 | O70: 35391.99 | P70: 38.5 | Q70: 14.4 | R70: 0 | S70: 36522.63 | T70: 0 | U70: 5058.16 | V70: 6496.94 | W70: 19165.86 | X70: 5801.71
A71: Apr 20 - Apr 26 | B71: 1,104 | C71: 37384.5 | D71: 25176.62 | E71: 652.53 | F71: 482.55 | G71: 11072.8 | H71: 15862.49 | I71: 0 | J71: 0 | K71: 9117.83 | L71: 12404.18 | M71: 37384.5 | N71: 1106.76 | O71: 36200.94 | P71: 63.5 | Q71: 13.3 | R71: 0 | S71: 37384.5 | T71: 0 | U71: 3776.09 | V71: 5919.75 | W71: 21519.66 | X71: 6169
A72: Apr 27 - May 03 | B72: 1,106 | C72: 36440.37 | D72: 25235.34 | E72: 500.16 | F72: 353.38 | G72: 10351.49 | H72: 16309.5 | I72: 0 | J72: 0 | K72: 8925.84 | L72: 11205.03 | M72: 36440.37 | N72: 1162.27 | O72: 35115.3 | P72: 149.5 | Q72: 13.3 | R72: 0 | S72: 36440.37 | T72: 0 | U72: 4457.6 | V72: 6160.01 | W72: 19547.56 | X72: 6275.2
A73: May 4 - May 10 | B73: 1100 | C73: 37223.94 | D73: 26619.51 | E73: 270.39 | F73: 1085.19 | G73: 9248.85 | H73: 15808.87 | I73: 0 | J73: 0 | K73: 10810.64 | L73: 10604.43 | M73: 37223.94 | N73: 1106.76 | O73: 35820.33 | P73: 281 | Q73: 15.8 | R73: 0 | S73: 37223.89 | T73: 0 | U73: 4243.87 | V73: 6943.52 | W73: 19800.72 | X73: 6235.83
A74: May 11 - May 17 | B74: 1036 | C74: 36047.23 | D74: 26497.97 | E74: 444.93 | F74: 749.72 | G74: 8354.61 | H74: 17272.49 | I74: 0 | J74: 0 | K74: 9225.48 | L74: 9549.26 | M74: 36047.23 | N74: 1128.64 | O74: 34757.08 | P74: 143.5 | Q74: 18 | S74: 36047.22 | T74: 0 | U74: 4255.41 | V74: 5999.36 | W74: 18778.4 | X74: 7014.06
A75: May 18 - May 24 | B75: 1107 | C75: 37377.63 | D75: 27954.41 | E75: 447 | F75: 517.29 | G75: 8458.93 | H75: 18063.24 | I75: 0 | J75: 0 | K75: 9891.17 | L75: 9423.22 | M75: 37377.63 | N75: 1115.15 | O75: 36085.66 | P75: 161 | Q75: 15.8 | S75: 37377.61 | T75: 0 | U75: 4304.1 | V75: 6653.42 | W75: 20597.72 | X75: 5822.39
A76: May 25 - May 31 | B76: 1221 | C76: 43345.83 | D76: 30668.64 | E76: 458.86 | F76: 784.15 | G76: 11434.18 | H76: 19765.57 | I76: 0 | J76: 0 | K76: 10903.07 | L76: 12677.19 | M76: 43345.83 | N76: 1412.29 | O76: 41851.9 | P76: 78 | Q76: 3.6 | S76: 43345.79 | T76: 0 | U76: 5185.33 | V76: 5819.11 | W76: 24463.51 | X76: 7877.88

Sheet Karachi Food Court
B1: Sales by Sections | H1: Sales by Order Type | N1: Sales by Category (Net Sales) | W1: Daily and Hourly Sales (TBD)
B2: Total Bill Count | C2: Net Sales | D2: Remaining | E2: Skip | F2: DD | G2: Uber | H2: Take Out | I2: Delivery | J2: Bar Tab | K2: Dine-In | L2: Online Order | M2: Net Sales | N2: Chickentarian | O2: Drinks | P2: Food | Q2: Food Court | R2: Food Highway | S2: KT Icecream | T2: Kabab Wala | U2: Smash Ox Burger | V2: Net Sales | W2: 8AM - 11AM | X2: 11AM - 3PM | Y2: 3PM - 6PM | Z2: 6PM - 11PM | AA2: 11PM-7AM | AB2: 7 AM- 8 AM
A3: Dec 30 - Jan 05 2025
A4: Jan 06 - Jan 12 2025
A5: Jan 13 - Jan 19 2025
A6: Jan 20 - Jan 26 2025
A7: Jan 27 - Feb 02 2025
A8: Feb 03 - Feb 09 2025 | C8: 42408.88 | D8: 39376.72 | E8: 240.13 | F8: 186.2 | G8: 2605.83 | H8: 37169.48 | I8: 0 | J8: 0 | K8: 2207.32 | L8: 3032.16 | M8: 42408.96 | N8: 3904.75 | O8: 813.93 | P8: 0 | Q8: 10608.13 | S8: 1310.45 | T8: 23036.91 | U8: 2734.79 | V8: 42408.96
A9: Feb 10 - Feb 16 2025 | C9: 38328.99 | D9: 36670.19 | E9: 169.34 | F9: 37.47 | G9: 1451.99 | H9: 34406.82 | I9: 0 | J9: 344.97 | K9: 1902.29 | L9: 1674.99 | M9: 38329.07 | N9: 3666.03 | O9: 642 | Q9: 9799.47 | S9: 1217.65 | T9: 20346.5 | U9: 2657.42 | V9: 38329.07
A10: Feb 17 - Feb 23 2025 | C10: 55100.66 | D10: 51373.3 | E10: 344.81 | F10: 76.09 | G10: 3306.46 | H10: 48073.17 | I10: 0 | J10: 620.18 | K10: 2680.08 | L10: 3727.36 | M10: 55100.79 | N10: 6124.26 | O10: 756 | P10: 1.8 | Q10: 15538.76 | R10: 27 | S10: 1677.85 | T10: 27589.81 | U10: 3385.31 | V10: 55100.79 | W10: 2214.63 | X10: 10139.25 | Y10: 8869.89 | Z10: 27333.97 | AA10: 6542.92
A11: Feb 24 - Mar 02 2025 | C11: 38257.93 | D11: 35952.52 | E11: 274.03 | F11: 23.38 | G11: 2008 | H11: 33558.36 | I11: 0 | J11: 0 | K11: 2394.27 | L11: 2305.41 | M11: 38258.04 | N11: 3756.45 | O11: 162 | P11: 0 | Q11: 11090.41 | R11: 0 | S11: 887.34 | T11: 19934.14 | U11: 2427.7 | V11: 38258.04 | W11: 7 | X11: 2946.65 | Y11: 5321.06 | Z11: 18826.1 | AA11: 11157.12
A12: Mar 03 - Mar 09 2025 | C12: 43531.99 | D12: 39887.7 | E12: 219.35 | F12: 234.34 | G12: 3190.6 | H12: 37620.97 | I12: 0 | J12: 0 | K12: 2266.92 | L12: 3644.29 | M12: 43532.18 | N12: 4038.38 | O12: 15 | P12: 0 | Q12: 15692.48 | R12: 18 | S12: 1107.96 | T12: 20869.96 | U12: 1790.4 | V12: 43532.18 | W12: 0 | X12: 0 | Y12: 8117.57 | Z12: 15601.66 | AA12: 19805.77 | AB12: 6.99
A13: Mar 10 - Mar 16 2025 | C13: 59233.97 | D13: 56306.62 | E13: 306.77 | F13: 110.65 | G13: 2509.93 | H13: 53561.58 | I13: 0 | J13: 0 | K13: 2744.95 | L13: 2927.35 | M13: 59233.88 | N13: 4875.31 | O13: 3 | P13: 0 | Q13: 22489.72 | R13: 9 | S13: 1992.52 | T13: 26278.27 | U13: 3586.06 | V13: 59233.88 | W13: 0 | X13: 0 | Y13: 3737.65 | Z13: 24697.63 | AA13: 30798.69
A14: Mar 17 - Mar 23 2025 | C14: 57026.08 | D14: 52209.01 | E14: 254.79 | F14: 80.97 | G14: 4481.31 | H14: 49866.97 | I14: 0 | J14: 0 | K14: 2342.25 | L14: 4817.07 | M14: 57026.29 | N14: 5786.59 | O14: 24 | P14: 6.99 | Q14: 21171.3 | R14: 9 | S14: 1343.12 | T14: 25762.66 | U14: 2922.63 | V14: 57026.29 | W14: 0 | X14: 0 | Y14: 5243.19 | Z14: 24339.62 | AA14: 27443.98
A15: Mar 24 - Mar 30 2025 | C15: =G15+F15+E15+D15 | D15: 65804.91 | E15: 260.59 | F15: 116.93 | G15: 3929.61 | H15: 62815.92 | I15: 0 | J15: 0 | K15: 2989.09 | L15: 4307.13 | M15: 70112.14 | N15: 6242.04 | O15: 12 | P15: 0 | Q15: 27125.21 | R15: 9 | S15: 1876.94 | T15: 30974.63 | U15: 3872.32 | V15: 70112.14 | W15: 4384.89 | X15: 4569.99 | Y15: 6697.76 | Z15: 24134.76 | AA15: 30324.64
A16: March 31 - April 6 | C16: 65484.62 | D16: 61646.29 | E16: 89.75 | F16: 283.22 | G16: 3465.36 | H16: 58018.85 | I16: 0 | J16: 0 | K16: 3763.16 | L16: 3838.33 | M16: 65620.34 | N16: 6892.34 | O16: 58.95 | P16: 0 | Q16: 19123.61 | R16: 32.99 | S16: 2334.1 | T16: 33137.02 | U16: 4041.33 | V16: 65620.34 | W16: 11449.94 | X16: 38877.45 | Y16: =11107.76+4049.47
A17: April 7 - April 13 | C17: 56769.38 | D17: 52694.01 | E17: 329.73 | F17: 251.06 | G17: 3494.58 | H17: 50424.58 | I17: 0 | J17: 0 | K17: 2269.56 | L17: 4075.37 | M17: 56769.51 | N17: 6139.99 | O17: 21 | P17: 0 | Q17: 16512.75 | R17: 6 | S17: 1421.08 | T17: 28844.69 | U17: 3824 | V17: 56769.51 | W17: 1807.42 | X17: 10000.7 | Y17: 7280.51 | Z17: 29548.61 | AA17: =4918.12+3214.02
A18: April 14 - April 20 | C18: 72232.17 | D18: 67953.78 | E18: 287.06 | F18: 521.5 | G18: 3469.83 | H18: 64544.72 | I18: 0 | J18: 0 | K18: 3409.1 | L18: 4278.39 | M18: 72232.21 | N18: 6784.18 | O18: 102 | P18: 0 | Q18: 20325.03 | R18: 62.93 | S18: 2216.71 | T18: 37686.67 | U18: 5054.69 | V18: 72232.21 | W18: 2071.58 | X18: 10951.14 | Y18: 10021.95 | Z18: 36425.49 | AA18: 12761.91
A19: Apr 21 - Apr 27 | C19: 55009.4 | D19: 51573.96 | E19: 189.97 | F19: 277.59 | G19: 2967.88 | H19: 48707.28 | I19: 0 | J19: 0 | K19: 2866.91 | L19: 3435.44 | M19: 55009.63 | N19: 5135.94 | O19: 105 | P19: 0 | Q19: 16635.29 | R19: 15.48 | S19: 1718.86 | T19: 27737.11 | U19: 3661.95 | V19: 55009.63 | W19: 1315.42 | X19: 9825.05 | Y19: 7229.33 | Z19: 26603.52 | AA19: 10036.08
A20: Apr 28 - May 4 | C20: 54909.43 | D20: 51416.75 | E20: 107.43 | F20: 341.33 | G20: 3043.92 | H20: 48799.71 | I20: 45.13 | J20: 0 | K20: 2572.05 | L20: 3492.68 | M20: 54909.57 | N20: 5376.13 | O20: 57 | P20: 0 | Q20: 15194.02 | R20: 139.86 | S20: 1821.08 | T20: 29006.63 | U20: 3314.85 | V20: 54909.57 | W20: 1333.13 | X20: 7182.09 | Y20: 6747.34 | Z20: 28372.96 | AA20: 11273.91
A21: May 5 - May 11 | C21: 58655.27 | D21: 55827.69 | E21: 317.86 | F21: 130.13 | G21: 2379.59 | H21: 53256.95 | I21: 0 | J21: 0 | K21: 2570.86 | L21: 2827.58 | M21: 58655.39 | N21: 5816.72 | O21: 12 | P21: 0 | Q21: 17027.99 | R21: 75.93 | S21: 1914.01 | T21: 30172.21 | U21: 3636.53 | V21: 58655.39 | W21: 2141.01 | X21: 10792.9 | Y21: 7726.89 | Z21: 28049.06 | AA21: 9945.41
A22: May 12 - May 18 | C22: 64319.69 | D22: 61079.04 | E22: 296.9 | F22: 15.7 | G22: 2928.05 | H22: 57901.49 | I22: 0 | J22: 69.97 | K22: 3107.68 | L22: 3240.65 | M22: 64319.79 | N22: 6352.93 | O22: 9 | P22: 0 | Q22: 17789.44 | R22: 44.95 | S22: 2179.54 | T22: 33709.87 | U22: 4234.06 | V22: 64319.79 | W22: 2204.28 | X22: 11364.08 | Y22: 6979.08 | Z22: 31727.75 | AA22: 12044.5
A23: May 19 - May 25 | C23: 66620.85 | D23: 63351.22 | E23: 509.1 | F23: 149.31 | G23: 2611.22 | H23: 60685.56 | I23: 0 | J23: 0 | K23: 2665.8 | L23: 3269.63 | M23: 66620.99 | N23: 5831.26 | O23: 6 | P23: 0 | Q23: 21287.08 | R23: 71.92 | S23: 2584.74 | T23: 32951.05 | U23: 3888.94 | V23: 66620.99 | W23: 3348.28 | X23: 13053.1 | Y23: 8439.75 | Z23: 30187.15 | AA23: 11592.57
A24: May 26 - Jun 01 | C24: 63478.08 | D24: 60452.9 | E24: 279.82 | F24: 252.03 | G24: 2493.33 | H24: 58126.81 | I24: 40.15 | J24: 0 | K24: 2286.15 | L24: 3025.18 | M24: 63478.29 | N24: 6260.95 | O24: 6 | P24: 0 | Q24: 18643.11 | R24: 26.97 | S24: 1804.12 | T24: 32013.33 | U24: 4723.81 | V24: 63478.29 | W24: 1889.79 | X24: 11311.88 | Y24: 7300.08 | Z24: 31336.71 | AA24: 11639.62
A25: Jun 02 - Jun 08 | C25: 74512.66 | D25: 70969.24 | E25: 655.6 | F25: 0 | G25: 2887.82 | H25: 68144.7 | I25: 0 | J25: 0 | K25: 2824.76 | L25: 3543.42 | M25: 74512.88 | N25: 6663.08 | O25: 15 | P25: 0 | Q25: 22639.67 | R25: 0 | S25: 2567.07 | T25: 37626.91 | U25: 5001.15 | V25: 74512.88 | W25: 3826.43 | X25: 14081.8 | Y25: 7625.59 | Z25: 34064.5 | AA25: 14914.34
A26: Jun 09 - Jun 15 | C26: 68484.61 | D26: 64870.47 | E26: 295.88 | F26: 0 | G26: 3318.26 | H26: 62901.5 | I26: 14.99 | J26: 0 | K26: 1954.18 | L26: 3614.14 | M26: 68484.81 | N26: 6353.61 | O26: 6 | P26: 0 | Q26: 18250.06 | R26: 0 | S26: 2259.93 | T26: 37055.69 | U26: 4559.52 | V26: 68484.81 | W26: 2414.55 | X26: 13409.93 | Y26: 7462.37 | Z26: 34085.95 | AA26: 11111.81
A27: Jun 16 - Jun 22 | C27: 64628.14 | D27: 62071.43 | E27: 308.12 | F27: 0 | G27: 2248.59 | H27: 59487.85 | I27: 3.5 | J27: 0 | K27: 2580.33 | L27: 2556.71 | M27: 64628.39 | N27: 6877.31 | O27: 27 | P27: 0 | Q27: 18259.75 | R27: 14.99 | S27: 3219.96 | T27: 32672.52 | U27: 3556.86 | V27: 64628.39 | W27: 12320.78 | X27: 1289.27 | Y27: 11828.61 | Z27: 7197.45 | AA27: 31992.03
A28: Jun 23 - Jun 29 | C28: 64145.69 | D28: 61398.03 | E28: 206.83 | F28: 0 | G28: 2540.83 | H28: 58168.2 | I28: 0 | J28: 0 | K28: 3230.08 | L28: 2747.66 | M28: 64145.94 | N28: 6726.82 | O28: 51 | P28: 0 | Q28: 18254.25 | R28: 0 | S28: 3078.8 | T28: 31900.01 | U28: 4135.06 | V28: 64145.94 | W28: 2065.41 | X28: 10173.83 | Y28: 5936.83 | Z28: 32583.17 | AA28: 13386.45
A29: Jun 30 - Jul 06 | C29: 85140.47 | D29: 81944.22 | E29: 486.19 | F29: 33.58 | G29: 2676.48 | H29: 78767.71 | I29: 42.96 | J29: 0 | K29: 3133.51 | L29: 3196.25 | M29: 85140.43 | N29: 8760.63 | O29: 51 | P29: 0 | Q29: 23261.72 | R29: 0 | S29: 3709.85 | T29: 44262.86 | U29: 5094.37 | V29: 85140.43 | W29: 2599.72 | X29: 15609.56 | Y29: 8108.38 | Z29: 37021.87 | AA29: 21800.94
... A46: Oct 27 - Nov 02 | C46: 54239.89 | D46: 50919.68 | E46: 46.77 | F46: 283.04 | G46: 2990.4 | H46: 49124.95 | I46: 0 | J46: 0 | K46: 1794.68 | L46: 3320.21 | M46: 54239.84 | N46: 3594.35 | O46: 6.99 | P46: 6.99 | Q46: 17627.79 | R46: 0 | S46: 1269.54 | T46: 29153.4 | U46: 2580.78 | V46: 54239.84 | W46: 2766.93 | X46: 9248.31 | Y46: 7786.61 | Z46: 25138.89 | AA46: 9299.15
A47: Nov 03 - Nov 09 | B47: 1,519 | C47: 49748.58 | D47: 46128.03 | E47: 102.36 | F47: 289.88 | G47: 3228.31 | H47: 44221.01 | I47: 0 | J47: 0 | K47: 1906.93 | L47: 3620.55 | M47: 49748.49 | N47: 3387.87 | O47: 0 | P47: 0 | Q47: 16812.98 | R47: 0 | S47: 1127.5 | T47: 25993.65 | U47: 2426.49 | V47: 49748.49 | W47: 2690.75 | X47: 9300.45 | Y47: 6331.77 | Z47: 24440.63 | AA47: 6984.98
A48: Nov 10 - Nov 16 | B48: 1,488 | C48: 50407.18 | D48: 47850.75 | E48: 25.18 | F48: 188.22 | G48: 2343.03 | H48: 46100.4 | I48: 0 | J48: 0 | K48: 1750.27 | L48: 2556.43 | M48: 50407.1 | N48: 3543.35 | O48: 8.1 | P48: 0 | Q48: 16705.85 | R48: 0 | S48: 1315.89 | T48: 26192.07 | U48: 2641.84 | V48: 50407.1 | W48: 2304.77 | X48: 10083.42 | Y48: 6775.18 | Z48: 24322.56 | AA48: 6921.25
A49: Nov 17 - Nov 23 | B49: 1,448 | C49: 46870.52 | D49: 44573.78 | E49: 64.16 | F49: 87.67 | G49: 2144.91 | H49: 43094.13 | I49: 0 | J49: 0 | K49: 1479.51 | L49: 2296.74 | M49: 46870.38 | N49: 3796.76 | O49: 0 | P49: 0 | Q49: 16207.52 | R49: 0 | S49: 1213.7 | T49: 23201.22 | U49: 2451.18 | V49: 46870.38 | W49: 1670.21 | X49: 9778.51 | Y49: 6427.66 | Z49: 22029.55 | AA49: 6964.59
A50: Nov 24 - Nov 30 | B50: 1407 | C50: 49452.29 | D50: 45726.39 | E50: 32.38 | F50: 46.17 | G50: 3647.35 | H50: 44191.09 | I50: 0 | J50: 0 | K50: 1512.39 | L50: 3748.81 | M50: 49452.29 | N50: 3696.74 | O50: 0 | P50: 0 | Q50: 17846.58 | R50: 0 | S50: 1321.54 | T50: 24013.92 | U50: 2573.51 | V50: 49452.29 | W50: 2571.07 | X50: 9556.12 | Y50: 7199.69 | Z50: 24207.02 | AA50: 5918.39
A51: Dec 01 - Dec 07 | B51: 1281 | C51: 42457.23 | D51: 38758.09 | E51: 0 | F51: 144.72 | G51: 3554.42 | H51: 37591.8 | I51: 0 | J51: 0 | K51: 1166.2 | L51: 3699.14 | M51: 42457.14 | N51: 2690.15 | O51: 2.7 | P51: 0 | Q51: 13497.11 | R51: 0 | S51: 860.29 | T51: 22450.68 | U51: 2956.21 | V51: 42457.14 | W51: 1807.74 | X51: 7916.29 | Y51: 7000.62 | Z51: 20125.45 | AA51: 5607.13
A52: Dec 08 - Dec 14 | B52: 1,138 | C52: 37599.25 | D52: 34426.32 | E52: 16.79 | F52: 163.09 | G52: 2993.05 | H52: 33247.3 | I52: 0 | J52: 0 | K52: 1075.24 | L52: 3276.62 | M52: 37599.16 | N52: 3280.15 | O52: 14.98 | P52: 0 | Q52: 11870.24 | R52: 0 | S52: 660.57 | T52: 19679.12 | U52: 2094.1 | V52: 37599.16 | W52: 1669.91 | X52: 7512.86 | Y52: 6612.93 | Z52: 16714.06 | AA52: 5089.49
A53: Dec 15 - Dec 21 | B53: 1,603 | C53: 47606.93 | D53: 43702.94 | E53: 125.92 | F53: 64.35 | G53: 3713.72 | H53: 42224.68 | I53: 0 | J53: 18.47 | K53: 1421.4 | L53: 3942.35 | M53: 47606.9 | N53: 3571.77 | O53: 1.5 | P53: 0 | Q53: 15196.49 | R53: 0 | S53: 1195.27 | T53: 24375.63 | U53: 3266.24 | V53: 47606.9 | W53: 1698.25 | X53: 9982.25 | Y53: 6614.32 | Z53: 20294.06 | AA53: 9018.05
A54: Dec 22 - Dec 28 | B54: 1806 | C54: 66529.91 | D54: 35.39 | E54: 383.46 | F54: 3677.53 | G54: 62433.53 | H54: 60827.42 | I54: 0 | J54: 0 | K54: 1606 | L54: 4096.38 | M54: 66529.8 | N54: 5175.86 | O54: 5.4 | P54: 0 | Q54: 22174.81 | R54: 38 | S54: 1356.22 | T54: 33227.65 | U54: 4551.86 | V54: 66529.8 | W54: 3406.8 | X54: 15562.03 | Y54: 9578.2 | Z54: 28521.17 | AA54: 9461.71
A55: Dec 29 - Jan 04 | B55: 2,080 | C55: 75867.23 | D55: 72085.37 | E55: 137.95 | F55: 0 | G55: 3643.91 | H55: 69578.53 | I55: 0 | J55: 0 | K55: 2506.66 | L55: 3781.86 | M55: 75867.05 | N55: 6103.19 | O55: 5.4 | P55: 0 | Q55: 24500.36 | R55: 0 | S55: 2033.45 | T55: 38257.53 | U55: 4967.12 | V55: 75867.05 | W55: 2496.08 | X55: 16055.82 | Y55: 10231.19 | Z55: 32897.02 | AA55: 14187.12
A56: Jan 05 - Jan 11 | B56: 1,228 | C56: 41725.22 | D56: 39246.19 | E56: 93.46 | F56: 58.44 | G56: 2327.13 | H56: 37869.66 | I56: 0 | J56: 0 | K56: 1376.44 | L56: 2479.03 | M56: 41725.13 | N56: 2662.89 | O56: 0 | P56: 0 | Q56: 13691.02 | R56: 0 | S56: 1229.66 | T56: 22147.54 | U56: 1994.02 | V56: 41725.13 | W56: 1581.36 | X56: 8121.41 | Y56: 5703.24 | Z56: 20350.67 | AA56: 5968.54
A57: Jan 12 - Jan 18 | B57: 1,494 | C57: 42393.06 | D57: 38683.62 | E57: 100.2 | F57: 53 | G57: 3556.24 | H57: 37002.11 | I57: 0 | J57: 0 | K57: 1681.43 | L57: 3709.44 | M57: 42392.98 | N57: 3450.36 | O57: 0 | P57: 0 | Q57: 15407.65 | R57: 0 | S57: 1044.62 | T57: 19786.57 | U57: 2703.78 | V57: 42392.98 | W57: 1638.24 | X57: 8791.69 | Y57: 5779.83 | Z57: 18871.37 | AA57: 7311.93
A58: Jan 19 - Jan 25 | B58: 943 | C58: 31294.9 | D58: 28030.97 | E58: 97.24 | F58: 117.8 | G58: 3048.89 | H58: 26641.64 | I58: 0 | J58: 0 | K58: 1389.27 | L58: 3263.93 | M58: 31294.84 | N58: 2121.04 | O58: 2.7 | Q58: 11322.78 | R58: 63 | S58: 656.62 | T58: 15638.93 | U58: 1489.77 | V58: 31294.84 | W58: 1795.19 | X58: 6436.89 | Y58: 4284 | Z58: 13157.13 | AA58: 5621.69
A59: Jan 26 - Feb 01 | B59: 1,362 | C59: 45575.27 | D59: 40263.6 | E59: 385.4 | F59: 73.18 | G59: 4853.09 | H59: 38597.54 | I59: 0 | J59: 0 | K59: 1657.01 | L59: 5311.67 | M59: 45566.22 | N59: 3711.6 | O59: 0 | P59: 0 | Q59: 14983.27 | R59: 8.99 | S59: 1188.45 | T59: 23271.44 | U59: 2402.47 | V59: 45566.22 | W59: 1854.41 | X59: 9115.39 | Y59: 6939.14 | Z59: 22305.46 | AA59: 5360.87
A60: Feb 02 - Feb 08 | B60: 1,269 | C60: 40826.02 | D60: 36789.72 | E60: 154.55 | F60: 206.1 | G60: 3675.65 | H60: 35002.58 | I60: 0 | J60: 0 | K60: 1787.05 | L60: 4036.3 | M60: 40825.93 | N60: 2694.27 | O60: 0 | P60: 0 | Q60: 14842.59 | R60: 0 | S60: 842.43 | T60: 20241.62 | U60: 2205.02 | V60: 40825.93 | W60: 2025.7 | X60: 7311.28 | Y60: 6235.34 | Z60: 19112.76 | AA60: 6140.94
A61: Feb 09 - Feb 15 | B61: 1,646 | C61: 55395.55 | D61: 51724.97 | E61: 135.53 | F61: 153.17 | G61: 3381.88 | H61: 49080.77 | I61: 0 | J61: 0 | K61: 2644.13 | L61: 3670.58 | M61: 55395.48 | N61: 3837.02 | O61: 0 | P61: 0 | Q61: 19717.23 | R61: 0 | S61: 1383.16 | T61: 27503.19 | U61: 2954.88 | V61: 55395.48 | W61: 3344.52 | X61: 9765.61 | Y61: 8197.23 | Z61: 25940.43 | AA61: 8147.76
A62: Feb 16 - Feb 22 | B62: 1,402 | C62: 46369.31 | D62: 42333.83 | E62: 110.51 | F62: 771.72 | G62: 3153.25 | H62: 39600.29 | I62: 0 | J62: 0 | K62: 2733.42 | L62: 4035.48 | M62: 46369.19 | N62: 3127.67 | O62: 6 | P62: 0 | Q62: 18197.76 | R62: 0 | S62: 820.38 | T62: 22387.96 | U62: 1829.42 | V62: 46369.19 | W62: 890.74 | X62: 4975.16 | Y62: 10412.05 | Z62: 15612.94 | AA62: 14478.42
A63: Feb 23 - Mar 01 | B63: 1,303 | C63: 40559.22 | D63: 36265.92 | E63: 201.29 | F63: 846.64 | G63: 3245.37 | H63: 34663.03 | I63: 0 | J63: 22.48 | K63: 1580.28 | L63: 4293.3 | M63: 40559.09 | N63: 2637.05 | P63: 0 | Q63: 17001.59 | S63: 985.08 | T63: 18139.74 | U63: 1795.63 | V63: 40559.09 | W63: 0 | X63: 695.97 | Y63: 10076.28 | Z63: 11267.83 | AA63: 18519.14
A64: Mar 02 - Mar 08 | B64: 1,572 | C64: 47892.34 | D64: 44305.3 | E64: 109.52 | F64: 443.09 | G64: 3034.43 | H64: 42603.72 | I64: 0 | J64: 9.78 | K64: 1691.71 | L64: 3587.04 | M64: 47892.25 | N64: 2542.18 | Q64: 21601.56 | R64: 32 | S64: 1015.17 | T64: 20709.44 | U64: 1991.9 | V64: 47892.25 | W64: 0 | X64: 1251.67 | Y64: 8117.39 | Z64: 16459.98 | AA64: 22063.3
A65: Mar 09 - Mar 15 | B65: 1,577 | C65: 52248.71 | D65: 48605.05 | E65: 95.26 | F65: 764.8 | G65: 2783.6 | H65: 47180.13 | I65: 0 | J65: 0 | K65: 1424.83 | L65: 3643.66 | M65: 52248.62 | N65: 2966.5 | O65: 2.7 | P65: 2.4 | Q65: 23302.58 | R65: 16 | S65: 1032.5 | T65: 22539.23 | U65: 2386.71 | V65: 52248.62 | W65: 0 | X65: 1329.56 | Y65: 5050.87 | Z65: 20413.93 | AA65: 25454.35
A66: Mar 16 - Mar 22 | B66: 2,170 | C66: 86996.77 | D66: 82950.35 | E66: 62.5 | F66: 177.98 | G66: 3805.94 | H66: 80075.84 | I66: 0 | J66: 0 | K66: 2797.42 | L66: 4106.34 | M66: 86979.6 | N66: 5542.74 | O66: 0 | P66: 48.6 | Q66: 31882.28 | R66: 0 | S66: 2052.77 | T66: 42757.79 | U66: 4695.42 | V66: 86979.6 | W66: 5884.91 | X66: 12952.94 | Y66: 11080.67 | Z66: 33201.11 | AA66: 23816.11
A67: Mar 23 - Mar 29 | B67: 1,662 | C67: 57733.01 | D67: 53561.46 | E67: 71.84 | F67: 186.18 | G67: 3913.53 | H67: 51839.76 | I67: 0 | J67: 0 | K67: 1721.66 | L67: 4171.55 | M67: 57732.97 | N67: 4341.21 | O67: 0 | P67: 56.8 | Q67: 19260.06 | R67: 0 | S67: 1072.34 | T67: 29837.21 | U67: 3165.35 | V67: 57732.97 | W67: 2425.07 | X67: 11528.55 | Y67: 6293.96 | Z67: 28869.09 | AA67: 8616.34
A68: Mar 30 - Apr 05 | B68: 2,038 | C68: 75948.79 | D68: 71362.75 | E68: 171.06 | F68: 295.05 | G68: 4119.93 | H68: 68594.17 | I68: 0 | J68: 0 | K68: 2768.43 | L68: 4586.04 | M68: 75948.64 | N68: 5720.58 | O68: 0 | P68: 47.2 | Q68: 27093.4 | R68: 6 | S68: 2104.77 | T68: 37058.98 | U68: 3917.71 | V68: 75948.64 | W68: 3281.84 | X68: 15644.2 | Y68: 9868.36 | Z68: 34895.29 | AA68: 12259.1
A69: Apr 06 - Apr 12 | B69: 1,724 | C69: 57120.37 | D69: 53661.92 | E69: 190.83 | F69: 159.8 | G69: 3107.82 | H69: 51612.84 | I69: 0 | J69: 0 | K69: 2049.08 | L69: 3458.45 | M69: 57120.37 | N69: 3460.96 | O69: 0 | P69: 32.2 | Q69: 21477.56 | R69: 0 | S69: 1441.33 | T69: 27782.77 | U69: 2925.46 | V69: 57120.28 | W69: 2730.39 | X69: 11037.77 | Y69: 7186.21 | Z69: 26191.54 | AA69: 10261
A70: Apr 13 - Apr 19 | B70: 1,854 | C70: 58012.78 | D70: 54171.54 | E70: 26.38 | F70: 238.43 | G70: 3576.43 | H70: 52245.75 | I70: 0 | J70: 0 | K70: 1925.79 | L70: 3841.24 | M70: 58012.78 | N70: 3401.41 | O70: 0 | P70: 14.8 | Q70: 20450.72 | R70: 0 | S70: 1743.77 | T70: 28908.02 | U70: 3494.07 | V70: 58012.79 | W70: 1548.18 | X70: 10086.85 | Y70: 6363.22 | Z70: 28988.11 | AA70: 11026.42
A71: Apr 20 - Apr 26 | B71: 1,690 | C71: 56679.69 | D71: 53681.34 | E71: 119.93 | F71: 325.46 | G71: 2552.96 | H71: 51710.27 | I71: 0 | J71: 41.85 | K71: 1929.22 | L71: 2998.35 | M71: 56679.69 | N71: 3391.33 | O71: 0 | P71: 30.4 | Q71: 21209.22 | R71: 8.99 | S71: 1597.6 | T71: 26487.34 | U71: 3954.81 | V71: 56679.69 | W71: 1815.01 | X71: 10931.59 | Y71: 6501.3 | Z71: 27771.27 | AA71: 9660.52
A72: Apr 27 - May 03 | B72: 1,703 | C72: 56994.48 | D72: 54225.09 | E72: 81.54 | F72: 39.92 | G72: 2647.93 | H72: 51929.49 | I72: 0 | J72: 0 | K72: 2295.6 | L72: 2769.39 | M72: 56994.48 | N72: 3649.9 | O72: 10.5 | P72: 25.2 | Q72: 22608.52 | R72: 7.96 | S72: 1692.27 | T72: 26276.31 | U72: 2723.82 | V72: 56994.48 | W72: 2660.78 | X72: 10746.66 | Y72: 7276.93 | Z72: 26507.2 | AA72: 9802.91
A73: May 4 - May 10 | B73: 1700 | C73: 60358.29 | D73: 56042.58 | E73: 86.13 | F73: 131.93 | G73: 4097.65 | H73: 53707.17 | I73: 0 | J73: 0 | K73: 2335.41 | L73: 4315.71 | M73: 60358.29 | N73: 3710.11 | O73: 6.2 | P73: 50.4 | Q73: 22588.48 | R73: 7.99 | S73: 1483.25 | T73: 29131.28 | U73: 3380.58 | V73: 60358.29 | W73: 3051.09 | X73: 11274.56 | Y73: 7136.76 | Z73: 29939.3 | AA73: 8956.58
A74: May 11 - May 17 | B74: 1679 | C74: 54962.39 | D74: 51430.74 | E74: 52.16 | F74: 110.92 | G74: 3368.57 | H74: 49312.45 | I74: 0 | J74: 0 | K74: 2118.29 | L74: 3531.65 | M74: 54962.39 | N74: 3535.97 | P74: 27.2 | Q74: 20532.26 | R74: 41.93 | S74: 1828.08 | T74: 25872.35 | U74: 3124.6 | V74: 54962.39 | W74: 2105.69 | X74: 9782.04 | Y74: 4938.22 | Z74: 26498.13 | AA74: 11638.31
A75: May 18 - May 24 | B75: 1796 | C75: 63689.3 | D75: 59630.24 | E75: 66.86 | F75: 156.09 | G75: 3836.11 | H75: 57090.55 | I75: 0 | J75: 0 | K75: 2539.69 | L75: 4059.06 | M75: 63689.3 | N75: 4399.84 | O75: 2.7 | P75: 16 | Q75: 24489.63 | R75: 7.96 | S75: 2173.9 | T75: 29011.28 | U75: 3587.99 | V75: 63689.3 | W75: 3585.14 | X75: 14361.47 | Y75: 7621.98 | Z75: 26678.98 | AA75: 11441.73
A76: May 25 - May 31 | B76: 1857 | C76: 74782.62 | D76: 69197.6 | E76: 112.28 | F76: 907.77 | G76: 4564.97 | H76: 65769.95 | I76: 0 | J76: 0 | K76: 3427.65 | L76: 5585.02 | M76: 74782.62 | N76: 4721.98 | P76: 47.2 | Q76: 28011.33 | R76: 48 | S76: 2684.75 | T76: 34947.63 | U76: 4321.73 | V76: 74782.62 | W76: 6505.04 | X76: 14061.61 | Y76: 8659.58 | Z76: 32357.25 | AA76: 12722.82

Sheet Markham
B1: Sales by Sections | H1: Sales by Order Type | N1: Sales by Category (Net Sales) | T1: Daily and Hourly Sales (TBD)
B2: Total Bill Count | C2: Net Sales | D2: Remaining | E2: Skip | F2: DD | G2: Uber | H2: Take Out | I2: Delivery | J2: Bar Tab | K2: Dine-In | L2: Online Order | M2: Net Sales | N2: Drinks | O2: Food (Pizza K) | P2: UNCATEGORIZED | Q2: Food Court | R2: Smash Ox Burger | S2: Net Sales | T2: 8AM - 11AM | U2: 11AM - 3PM | V2: 3PM - 6PM | W2: 6PM - 11PM | X2: 11PM-7AM
A3: Dec 30 - Jan 05 2025
A4: Jan 06 - Jan 12 2025
A5: Jan 13 - Jan 19 2025
A6: Jan 20 - Jan 26 2025
A7: Jan 27 - Feb 02 2025
A8: Feb 03 - Feb 09 2025 | C8: 10469.7 | D8: 7217.26 | E8: 33.6 | F8: 135.6 | G8: 3083.24 | H8: 4926.66 | I8: 0 | J8: 0 | K8: 2290.6 | L8: 3252.44 | M8: 10469.7 | N8: 398.7 | O8: 10031.5 | Q8: 39.5 | S8: 10469.7
A9: Feb 10 - Feb 16 2025 | C9: 10071.8 | D9: 7636.66 | E9: 78.8 | F9: 189.63 | G9: 2166.71 | H9: 5679.42 | I9: 0 | J9: 0 | K9: 1957.24 | L9: 2435.14 | M9: 10071.8 | N9: 244.65 | O9: 9767.15 | Q9: 60 | S9: 10071.8 | T9: 0 | U9: 1332.72 | V9: 1413.5 | W9: 6194.4 | X9: 1131.18
A10: Feb 17 - Feb 23 2025 | C10: 10199.4 | D10: 7549.74 | E10: 207.31 | F10: 76.8 | G10: 2365.55 | H10: 4695.82 | I10: 0 | J10: 0 | K10: 2853.96 | L10: 2649.66 | M10: 10199.44 | N10: 374.36 | O10: 9727.08 | Q10: 98 | S10: 10199.44 | T10: 0 | U10: 1540.57 | V10: 1511.74 | W10: 5841.43 | X10: 1305.66
A11: Feb 24 - Mar 02 2025 | C11: 8596.28 | D11: 6043.18 | E11: 244.19 | F11: 26.39 | G11: 2282.52 | H11: 3790.83 | I11: 0 | J11: 0 | K11: 2252.35 | L11: 2553.1 | M11: 8596.28 | N11: 330.11 | O11: 8220.17 | Q11: 46 | S11: 8596.28 | T11: 0 | U11: 1002.86 | V11: 2291.76 | W11: 4439.32 | X11: 862.34
A12: Mar 03 - Mar 09 2025 | C12: 7790.79 | D12: 5145.19 | E12: 235.99 | F12: 0 | G12: 2409.61 | H12: 4139.33 | I12: 0 | J12: 0 | K12: 1005.86 | L12: 2645.6 | M12: 7790.79 | N12: 158.94 | O12: 7563.85 | Q12: 68 | S12: 7790.79 | T12: 0 | U12: 196.93 | V12: 3999.95 | W12: 2313.9 | X12: 1280.01
A13: Mar 10 - Mar 16 2025 | C13: 7939.13 | D13: 5239.66 | E13: 110.87 | F13: 46.58 | G13: 2542.02 | H13: 3607.54 | I13: 0 | J13: 0 | K13: 1632.12 | L13: 2699.47 | M13: 7939.13 | N13: 240.59 | O13: 7614.44 | Q13: 84.1 | S13: 7939.13 | T13: 0 | U13: 328.63 | V13: 1655.98 | W13: 4305.5 | X13: 1649.02
A14: Mar 17 - Mar 23 2025 | C14: 10485.37 | D14: 7606.4 | E14: 259.41 | F14: 128.17 | G14: 2491.39 | H14: 5510.33 | I14: 0 | J14: 0 | K14: 2096.07 | L14: 2878.97 | M14: 10485.37 | N14: 258.05 | O14: 20154.82 | Q14: 72.5 | S14: 10485.37 | T14: 0 | U14: 519.31 | V14: 2316.73 | W14: 5962.64 | X14: 1686.69
A15: Mar 24 - Mar 30 2025 | C15: 12984.38 | D15: 9038.83 | E15: 286.27 | F15: 68.4 | G15: 3590.88 | H15: 6552.28 | I15: 0 | J15: 0 | K15: 2486.61 | L15: 3945.55 | M15: 12984.44 | N15: 383.71 | O15: 12470.73 | Q15: 130 | S15: 12984.44 | T15: 0 | U15: 362.25 | V15: 2970.68 | W15: 7547.36 | X15: 2104.09
A16: March 31 - April 6 | C16: 10570.19 | D16: 7764.31 | E16: 78.3 | F16: 103.66 | G16: 2623.92 | H16: 4038.66 | I16: 0 | J16: 0 | K16: 3725.67 | L16: 2805.88 | M16: 10570.21 | N16: 428.42 | O16: 10038.87 | Q16: 102.92 | S16: 10570.21 | T16: 1112.3 | U16: 7442.85 | V16: =1504.44+510.6
A17: April 7 - April 13 | C17: 9234.37 | D17: 6736.8 | E17: 108.3 | F17: 136.29 | G17: 2252.98 | H17: 4052.98 | I17: 0 | J17: 0 | K17: 2683.84 | L17: 2497.57 | M17: 9234.39 | N17: 304.9 | O17: 8911.99 | Q17: 17.5 | S17: 9234.39 | T17: 0 | U17: 1083.48 | V17: 2015.63 | W17: 4994.51 | X17: =421.83+718.98
A18: April 14 - April 20 | C18: 10192.34 | D18: 7841.25 | E18: 101.2 | F18: 146.7 | G18: 2103.19 | H18: 4613.67 | I18: 0 | J18: 0 | K18: 3227.6 | L18: 2351.09 | M18: 10192.36 | N18: 320.25 | O18: 9833.51 | Q18: 38.6 | S18: 10192.36 | T18: 0 | U18: 1389.48 | V18: 1943.28 | W18: 5543.9 | X18: 1315.68
A19: Apr 21 - Apr 27 | C19: 9387.08 | D19: 6993.59 | E19: 300.65 | F19: 58.17 | G19: 2034.67 | H19: 3509.6 | I19: 0 | J19: 0 | K19: 3483.99 | L19: 2393.49 | M19: 9387.08 | N19: 287.56 | O19: 9049.12 | Q19: 50.4 | S19: 9387.08 | T19: 0 | U19: 1157.36 | V19: 1641.02 | W19: 5622.99 | X19: 965.71
A20: Apr 28 - May 4 | C20: 9166.23 | D20: 6974.01 | E20: 200.86 | F20: 135.69 | G20: 1855.67 | H20: 4074.37 | I20: 0 | J20: 0 | K20: 2899.64 | L20: 2192.22 | M20: 9166.23 | N20: 255.85 | O20: 8896.38 | Q20: 14 | S20: 9166.23 | T20: 0 | U20: 1314.84 | V20: 1919.24 | W20: 4875.57 | X20: 1056.58
A21: May 5 - May 11 | C21: 9132.71 | D21: 7153.39 | E21: 144.26 | F21: 26.4 | G21: 1808.66 | H21: 4103.21 | I21: 0 | J21: 0 | K21: 3050.18 | L21: 1979.32 | M21: 9132.71 | N21: 309.55 | O21: 8816.16 | Q21: 7 | S21: 9132.71 | T21: 0 | U21: 2050.29 | V21: 1638.51 | W21: 4270.66 | X21: 1173.25
A22: May 12 - May 18 | C22: 8603.71 | D22: 6540.78 | E22: 156.38 | F22: 67.2 | G22: 1839.35 | H22: 3882.74 | I22: 0 | J22: 0 | K22: 2658.06 | L22: 2062.93 | M22: 8603.73 | N22: 223.28 | O22: 8339.85 | Q22: 40.6 | S22: 8603.73 | T22: 0 | U22: 1589.76 | V22: 1299.24 | W22: 4461.78 | X22: 1252.93
A23: May 19 - May 25 | C23: 10220.41 | D23: 8098.96 | E23: 128.97 | F23: 62.4 | G23: 1930.08 | H23: 4988.71 | I23: 0 | J23: 0 | K23: 3110.27 | L23: 2121.45 | M23: 10220.43 | N23: 346.76 | O23: 9870.17 | Q23: 3.5 | S23: 10220.43 | T23: 0 | U23: 1354.8 | V23: 1791.14 | W23: 5992.43 | X23: 1082.04
A24: May 26 - Jun 01 | C24: 9491.82 | D24: 7625.22 | E24: 116.17 | F24: 68.27 | G24: 1682.16 | H24: 4687.19 | I24: 0 | J24: 0 | K24: 2938.03 | L24: 1866.6 | M24: 9491.82 | N24: 308.85 | O24: 9125.97 | Q24: 57 | S24: 9491.82 | T24: 0 | U24: 934.07 | V24: 1764.21 | W24: 5617.67 | X24: 1175.87
A25: Jun 02 - Jun 08 | C25: 8933.1 | D25: 7339.26 | E25: 0 | F25: 77.39 | G25: 1516.45 | H25: 4139.47 | I25: 0 | J25: 0 | K25: 3199.79 | L25: 1593.84 | M25: 8933.1 | N25: 291.9 | O25: 8585.2 | Q25: 56 | S25: 8933.1 | T25: 0 | U25: 1196.29 | V25: 902.33 | W25: 5766.66 | X25: 1067.92
A26: Jun 09 - Jun 15 | C26: 9697.43 | D26: 7344.08 | E26: 207.6 | F26: 75 | G26: 2070.75 | H26: 4453.33 | I26: 0 | J26: 0 | K26: 2890.75 | L26: 2353.35 | M26: 9697.43 | N26: 294.2 | O26: 9368.23 | Q26: 35 | S26: 9697.43 | T26: 0 | U26: 1582.43 | V26: 1228.63 | W26: 6065.43 | X26: 820.94
A27: Jun 16 - Jun 22 | C27: 7896.68 | D27: 5657.82 | E27: 201.86 | F27: 212.4 | G27: 1824.6 | H27: 3201.05 | I27: 0 | J27: 0 | K27: 2456.77 | L27: 2238.86 | M27: 7896.68 | N27: 304.39 | O27: 7571.29 | Q27: 21 | S27: 7896.68 | T27: 0 | U27: 1230.32 | V27: 1488.97 | W27: 4138.44 | X27: 1038.95
A28: Jun 23 - Jun 29 | C28: 9722.12 | D28: 7494.14 | E28: 136 | F28: 66.33 | G28: 2025.65 | H28: 4482.45 | I28: 0 | J28: 0 | K28: 3011.69 | L28: 2227.98 | M28: 9722.12 | N28: 264.1 | O28: 9439.72 | Q28: 18.3 | S28: 9722.12 | T28: 0 | U28: 1497.92 | V28: 1382.05 | W28: 5293 | X28: 1549.15
A29: Jun 30 - Jul 06 | C29: 11285.55 | D29: 8390.21 | E29: 109.4 | F29: 71.4 | G29: 2714.54 | H29: 5646.27 | I29: 0 | J29: 0 | K29: 2743.93 | L29: 2895.34 | M29: 11285.54 | N29: 384.4 | O29: 10830.14 | Q29: 71 | S29: 11285.54 | T29: 0 | U29: 858.32 | V29: 2308.46 | W29: 6869.88 | X29: 1248.89
... A31: Jul 14 - Jul 20 | C31: 9832.73 | D31: 7088.72 | E31: 131.12 | F31: 211.73 | G31: 2401.16 | H31: 4654.42 | I31: 0 | J31: 0 | K31: 2434.3 | L31: 2744.01 | M31: 9832.73 | N31: 413.58 | O31: 9401.65 | Q31: 17.5 | S31: 9832.73 | T31: 0 | U31: 1348.71 | V31: 1907.93 | W31: 5683.29 | X31: 892.8
A32: Jul 21 - Jul 27 | C32: 11175.11 | D32: 7756.08 | E32: 48 | F32: 58.8 | G32: 3312.23 | H32: 5252.58 | I32: 0 | J32: 0 | K32: 2503.5 | L32: 3419.03 | M32: 11175.11 | N32: 769.47 | O32: 10288.65 | P32: 17.99 | Q32: 99 | S32: 11175.11 | T32: 0 | U32: 1631.75 | V32: 1785.12 | W32: 6532.46 | X32: 1225.78
A33: Jul 28 - Aug 03 | C33: 9721.12 | D33: 6488.6 | E33: 0 | F33: 209.74 | G33: 3022.78 | H33: 3419.72 | I33: 0 | J33: 0 | K33: 3068.87 | L33: 3232.52 | M33: 9721.11 | N33: 367.42 | O33: 9240.4 | P33: 29.99 | Q33: 83.3 | S33: 9721.11 | T33: 0 | U33: 1784.39 | V33: 1268.12 | W33: 5556.63 | X33: 1111.98
A34: Aug 04 - Aug 10 | C34: 10132.29 | D34: 6846.95 | E34: 213.87 | F34: 197.19 | G34: 2874.28 | H34: 4346.4 | I34: 0 | J34: 0 | K34: 2500.55 | L34: 3285.34 | M34: 10132.29 | N34: 404.61 | O34: 9590.89 | P34: 65.99 | Q34: 70.8 | S34: 10132.29 | T34: 0 | U34: 1269.44 | V34: 1643.11 | W34: 5615.64 | X34: 1604.1
A35: Aug 11 - Aug 17 | C35: 10689.38 | D35: 7505.28 | E35: 157.47 | F35: 80.4 | G35: 2946.23 | H35: 4119.36 | I35: 0 | J35: 0 | K35: 3385.92 | L35: 3184.1 | M35: 10689.38 | N35: 401.91 | O35: 10226.49 | P35: 23.98 | Q35: 37 | S35: 10689.38 | T35: 0 | U35: 1088.69 | V35: 1522.36 | W35: 7122.67 | X35: 955.66
A36: Aug 18 - Aug 24 | C36: 10355.62 | D36: 7294.81 | E36: 147.5 | F36: 54 | G36: 2859.31 | H36: 4151.55 | I36: 0 | J36: 0 | K36: 3143.26 | L36: 3060.81 | M36: 10355.62 | N36: 374.19 | O36: 9933.13 | P36: 0 | Q36: 48.3 | S36: 10355.62 | T36: 0 | U36: 1462.13 | V36: 2308.88 | W36: 5677.33 | X36: 907.28
A37: Aug 25 - Aug 31 | C37: 9950.75 | D37: 6940.95 | E37: 38.8 | F37: 96.46 | G37: 2874.54 | H37: 4199.83 | I37: 0 | J37: 0 | K37: 2741.11 | L37: 3009.8 | M37: 9950.74 | N37: 371.35 | O37: 9497.39 | P37: 36 | Q37: 46 | S37: 9950.74 | T37: 0 | U37: 691.4 | V37: 1363.7 | W37: 6531.85 | X37: 1363.8
A38: Sep 01 - Sep 07 | C38: 8307.99 | D38: 6073.96 | E38: 121 | F38: 157.35 | G38: 1955.68 | H38: 3961.7 | I38: 0 | J38: 0 | K38: 2112.26 | L38: 2234.03 | M38: 8307.99 | N38: 377.88 | O38: 7869.11 | P38: 12 | Q38: 49 | S38: 8307.99 | T38: 0 | U38: 1294.35 | V38: 1386.81 | W38: 4680.94 | X38: 945.89
A39: Sep 08 - Sep 14 | C39: 7321.46 | D39: 5435.7 | E39: 134.44 | F39: 121.78 | G39: 1629.54 | H39: 3582.84 | I39: 0 | J39: 0 | K39: 1852.86 | L39: 1885.76 | M39: 7321.46 | N39: 231.25 | O39: 7015.72 | P39: 41.99 | Q39: 32.5 | S39: 7321.46 | T39: 0 | U39: 590.91 | V39: 1512.02 | W39: 4448.72 | X39: 769.81
A40: Sep 15 - Sep 21 | C40: 7634.65 | D40: 6041.33 | E40: 161.07 | F40: 0 | G40: 1432.25 | H40: 4235.06 | I40: 0 | J40: 152.34 | K40: 1653.93 | L40: 1593.32 | M40: 7634.65 | N40: 331.25 | O40: 7236.7 | P40: 24 | Q40: 42.7 | S40: 7634.65 | T40: 0 | U40: 1234.23 | V40: 1577.11 | W40: 3722.97 | X40: 1100.34
A41: Sep 22 - Sep 28 | C41: 7738.98 | D41: 6213 | E41: 18 | F41: 132.89 | G41: 1375.09 | H41: 4710.84 | I41: 0 | J41: 49.92 | K41: 1452.23 | L41: 1525.98 | M41: 7738.97 | N41: 256.82 | O41: 7451.17 | P41: 23.98 | Q41: 7 | S41: 7738.97 | T41: 0 | U41: 1184.18 | V41: 2137.61 | W41: 3630.33 | X41: 786.86
A42: Sep 29 - Oct 05 | C42: 7685.27 | D42: 6256.78 | E42: 115.07 | F42: 112.28 | G42: 1201.14 | H42: 4215.54 | I42: 0 | J42: 0 | K42: 2041.23 | L42: 1428.49 | M42: 7685.26 | N42: 190.74 | O42: 7466.03 | P42: 17.99 | Q42: 10.5 | S42: 7685.26 | T42: 0 | U42: 928.31 | V42: 1259.68 | W42: 4407.93 | X42: 1089.35
A43: Oct 06 - Oct 12 | C43: 9383.4 | D43: 7417.86 | E43: 176.96 | F43: 87.18 | G43: 1701.4 | H43: 5088.64 | I43: 0 | J43: 0 | K43: 2329.22 | L43: 1965.54 | M43: 9383.4 | N43: 383.02 | O43: 8954.39 | P43: 17.99 | Q43: 28 | S43: 9383.4 | T43: 0 | U43: 1240.09 | V43: 2155.76 | W43: 4767.3 | X43: 1220.25
A44: Oct 13 - Oct 19 | C44: 8292.72 | D44: 6642.43 | E44: 88 | F44: 286.49 | G44: 1275.8 | H44: 4694.66 | I44: 0 | J44: 0 | K44: 1947.77 | L44: 1650.29 | M44: 8292.72 | N44: 331.24 | O44: 7912.98 | P44: 24 | Q44: 24.5 | S44: 8292.72 | T44: 0 | U44: 968.21 | V44: 1252.81 | W44: 4958.07 | X44: 1113.63
A45: Oct 20 - Oct 26 | B45: 261 | C45: 8755.45 | D45: 7054.66 | E45: 290.91 | F45: 132.46 | G45: 1277.42 | H45: 1277.42 | I45: 0 | J45: 0 | K45: 2339.2 | L45: 1700.79 | M45: 8755.42 | N45: 284.42 | O45: 8416.26 | P45: 17.99 | Q45: 36.75 | S45: 8755.42 | T45: 0 | U45: 1266.21 | V45: 1393.95 | W45: 5038.09 | X45: 1057.2
A46: Oct 27 - Nov 02 | B46: 231 | C46: 7172.12 | D46: 5412.3 | E46: 62.4 | F46: 29.99 | G46: 1667.43 | H46: 3271.55 | I46: 0 | J46: 0 | K46: 2140.74 | L46: 1759.82 | M46: 7172.11 | N46: 268.59 | O46: 6837.52 | P46: 24 | Q46: 42 | S46: 7172.11 | T46: 0 | U46: 750 | V46: 1279.05 | W46: 4419.73 | X46: 723.34
A47: Nov 03 - Nov 09 | B47: 244 | C47: 7961.01 | D47: 5823.18 | E47: 34 | F47: 144.48 | G47: 1959.35 | H47: 3681.85 | I47: 0 | J47: 0 | K47: 2141.33 | L47: 2137.83 | M47: 7961.01 | N47: 290.05 | O47: 7597.26 | P47: 12 | Q47: 61.7 | S47: 7961.01 | T47: 0 | U47: 1058.46 | V47: 1609.97 | W47: 4356.65 | X47: 935.93
A48: Nov 10 - Nov 16 | B48: 257 | C48: 7559.07 | D48: 6084.54 | E48: 26.4 | F48: 0 | G48: 1448.13 | H48: 4043.18 | I48: 0 | J48: 0 | K48: 2041.34 | L48: 1474.53 | M48: 7559.05 | N48: 211.95 | O48: 7275.7 | P48: 0 | Q48: 71.4 | S48: 7559.05 | T48: 0 | U48: 908.35 | V48: 1436.64 | W48: 4472.44 | X48: 741.64
A49: Nov 17 - Nov 23 | B49: 258 | C49: 8134.63 | D49: 5658 | E49: 151.06 | F49: 94.89 | G49: 2230.68 | H49: 4023.04 | I49: 0 | J49: 0 | K49: 1634.96 | L49: 2476.63 | M49: 8134.63 | N49: 228.15 | O49: 7825.74 | P49: 12 | Q49: 68.74 | S49: 8134.63 | T49: 0 | U49: 1193.21 | V49: 2002.93 | W49: 4262.93 | X49: 675.56
A50: Nov 24 - Nov 30 | B50: 271 | C50: 8499.65 | D50: 6178.94 | E50: 20.14 | F50: 79.35 | G50: 2221.22 | H50: 4364.67 | I50: 0 | J50: 0 | K50: 1814.27 | L50: 2320.71 | M50: 8499.65 | N50: 229.29 | O50: 8142.86 | P50: 36 | Q50: 91.5 | S50: 8499.65 | T50: 0 | U50: 1331.75 | V50: 1780.88 | W50: 4602.68 | X50: 784.34
A51: Dec 01 - Dec 07 | B51: 341 | C51: 9145.69 | D51: 5879.82 | E51: 67.34 | F51: 43.49 | G51: 3155.04 | H51: 4415.64 | I51: 0 | J51: 0 | K51: 1464.18 | L51: 3265.87 | M51: 9145.69 | N51: 197.44 | O51: 8856.56 | P51: 49.7 | Q51: 41.99 | S51: 9145.69 | T51: 0 | U51: 1137.31 | V51: 2145.34 | W51: 4746.38 | X51: 1116.66
A52: Dec 08 - Dec 14 | B52: 266 | C52: 8532.7 | D52: 5405.2 | E52: 49.2 | F52: 181.29 | G52: 2897.01 | H52: 4383.41 | I52: 0 | J52: 0 | K52: 1021.79 | L52: 3127.5 | M52: 8532.7 | N52: 162.88 | O52: 8339.72 | P52: 0 | Q52: 30.1 | S52: 8532.7 | T52: 0 | U52: 917.22 | V52: 1838.36 | W52: 4402.3 | X52: 1374.82
A53: Dec 15 - Dec 21 | B53: 294 | C53: 9053.23 | D53: 6354.74 | E53: 106.19 | F53: 112.18 | G53: 2480.12 | H53: 4782.74 | I53: 0 | J53: 0 | K53: 1571.99 | L53: 2698.49 | M53: 9053.22 | N53: 278.53 | O53: 8668.89 | P53: 22.8 | Q53: 83 | S53: 9053.22 | T53: 0 | U53: 825.83 | V53: 1871.15 | W53: 5179.6 | X53: 1176.65
A54: Dec 22 - Dec 28 | B54: 343 | C54: 11883.39 | D54: 132.27 | E54: 88.79 | F54: 3913.17 | G54: 7749.16 | H54: 6177.56 | I54: 0 | J54: 0 | K54: 1571.6 | L54: 4134.23 | M54: 11883.39 | N54: 344.94 | O54: 11416.15 | P54: 60 | Q54: 62.3 | S54: 11883.39 | T54: 0 | U54: 1365.79 | V54: 2464.14 | W54: 5975.67 | X54: 2077.79
A55: Dec 29 - Jan 04 | B55: 366 | C55: 11419.83 | D55: 8178.74 | E55: 163.99 | F55: 137.49 | G55: 2939.61 | H55: 6201.75 | I55: 0 | J55: 84.23 | K55: 1892.76 | L55: 3241.09 | M55: 11419.83 | N55: 382.13 | O55: 10886.37 | P55: 41.99 | Q55: 109.34 | S55: 11419.83 | T55: 0 | U55: 669.28 | V55: 2653.22 | W55: 6013.57 | X55: 2083.76
A56: Jan 05 - Jan 11 | B56: 250 | C56: 7055.61 | D56: 5092.74 | E56: 82.54 | F56: 117.58 | G56: 1762.75 | H56: 3548.53 | I56: 0 | J56: 0 | K56: 1544.21 | L56: 1962.87 | M56: 7055.61 | N56: 200.95 | O56: 6766.26 | P56: 24 | Q56: 64.4 | S56: 7055.61 | T56: 0 | U56: 870.42 | V56: 1602.4 | W56: 3344.45 | X56: 1238.34
A57: Jan 12 - Jan 18 | B57: 275 | C57: 8277.15 | D57: 4714.7 | E57: 65.6 | F57: 131.47 | G57: 3365.38 | H57: 3696.79 | I57: 0 | J57: 0 | K57: 1017.9 | L57: 3562.45 | M57: 8277.14 | N57: 179.65 | O57: 7997.09 | P57: 36 | Q57: 64.4 | S57: 8277.14 | T57: 0 | U57: 563.55 | V57: 2643.11 | W57: 4082.8 | X57: 987.69
A58: Jan 19 - Jan 25 | B58: 271 | C58: 8655.71 | D58: 5351.74 | E58: 74.9 | F58: 87.33 | G58: 3141.74 | H58: 4096.22 | I58: 0 | J58: 0 | K58: 1232.72 | L58: 3326.77 | M58: 8655.71 | N58: 196.27 | O58: 8338.94 | P58: 36 | Q58: 84.5 | S58: 8655.71 | T58: 0 | U58: 373.66 | V58: 1898.23 | W58: 5170.6 | X58: 1213.22
A59: Jan 26 - Feb 01 | B59: 308 | C59: 10640.5 | D59: 6131.98 | E59: 362.89 | F59: 106.8 | G59: 4038.83 | H59: 4266.94 | I59: 0 | J59: 0 | K59: 1865.04 | L59: 4508.52 | M59: 10640.5 | N59: 193.04 | O59: 10381.66 | P59: 0 | Q59: 65.8 | S59: 10640.5 | T59: 0 | U59: 721.78 | V59: 2170.24 | W59: 5967.7 | X59: 1780.78
A60: Feb 02 - Feb 08 | B60: 275 | C60: 8832.68 | D60: 4446.85 | E60: 92.9 | F60: 121.49 | G60: 4171.44 | H60: 3534 | I60: 0 | J60: 0 | K60: 912.82 | L60: 4385.83 | M60: 8832.65 | N60: 196.15 | O60: 8579.85 | P60: 0 | Q60: 56.65 | S60: 8832.65 | T60: 0 | U60: 741.91 | V60: 1298.84 | W60: 5528.63 | X60: 1263.3
A61: Feb 09 - Feb 15 | B61: 343 | C61: 11001.39 | D61: 6658.98 | E61: 243.53 | F61: 183.44 | G61: 3915.44 | H61: 4972.66 | I61: 0 | J61: 0 | K61: 1686.33 | L61: 4342.41 | M61: 11001.4 | N61: 322.35 | O61: 10647.55 | P61: 0 | Q61: 31.5 | S61: 11001.4 | T61: 0 | U61: 979.44 | V61: 1830.78 | W61: 6565.42 | X61: 1625.75
A62: Feb 16 - Feb 22 | B62: 231 | C62: 7747.93 | D62: 4210.13 | E62: 125.2 | F62: 284.49 | G62: 3128.11 | H62: 3061.39 | I62: 0 | J62: 0 | K62: 1148.74 | L62: 3537.8 | M62: 7747.93 | N62: 194.79 | O62: 7430.94 | P62: 24 | Q62: 91 | R62: 7.2 | S62: 7747.93 | T62: 0 | U62: 695.48 | V62: 2411.95 | W62: 3395.24 | X62: 1245.26
A63: Feb 23 - Mar 01 | B63: 275 | C63: 9331.69 | D63: 5574.76 | E63: 184.63 | F63: 175.15 | G63: 3397.15 | H63: 4583.07 | I63: 0 | J63: 0 | K63: 991.67 | L63: 3756.93 | M63: 9331.67 | N63: 214.6 | O63: 9082.87 | P63: 12 | Q63: 16.1 | R63: 6.1 | S63: 9331.67 | T63: 0 | U63: 35.63 | V63: 4261.72 | W63: 3539.83 | X63: 1494.51
A64: Mar 02 - Mar 08 | B64: 268 | C64: 8616.99 | D64: 5007.74 | E64: 223.41 | F64: 24 | G64: 3361.84 | H64: 4205.93 | I64: 0 | J64: 0 | K64: 801.8 | L64: 3609.25 | M64: 8616.98 | N64: 153.65 | O64: 8428.33 | Q64: 35 | S64: 8616.98 | T64: 0 | U64: 66.78 | V64: 3865.47 | W64: 3476.77 | X64: 1207.97
A65: Mar 09 - Mar 15 | B65: 281 | C65: 8989.17 | D65: 5337.28 | E65: 58.19 | F65: 176.36 | G65: 3417.34 | H65: 4057.11 | I65: 0 | J65: 0 | K65: 1280.17 | L65: 3651.89 | M65: 8989.17 | N65: 245.3 | O65: 8685.43 | P65: 0 | Q65: 58.44 | R65: 0 | S65: 8989.17 | T65: 0 | U65: 0 | V65: 2080.69 | W65: 5316.9 | X65: 1591.58
A66: Mar 16 - Mar 22 | B66: 322 | C66: 10582.2 | D66: 7016.6 | E66: 251.72 | F66: 123.19 | G66: 3190.69 | H66: 4343.17 | I66: 0 | J66: 0 | K66: 2673.43 | L66: 3565.6 | M66: 10582.2 | N66: 270.4 | O66: 10259.3 | Q66: 52.5 | S66: 10582.2 | T66: 0 | U66: 0 | V66: 2717.13 | W66: 6244.65 | X66: 1620.42
A67: Mar 23 - Mar 29 | B67: 283 | C67: 9586.66 | D67: 6457.85 | E67: 118.8 | F67: 0 | G67: 3010.01 | H67: 3700.87 | I67: 0 | J67: 0 | K67: 2756.96 | L67: 3128.81 | M67: 9586.64 | N67: 244.79 | O67: 9308.35 | P67: 24 | Q67: 7 | R67: 2.5 | S67: 9586.64 | T67: 0 | U67: 586.4 | V67: 2165.75 | W67: 5414.88 | X67: 1419.63
A68: Mar 30 - Apr 05 | B68: 318 | C68: 10746.48 | D68: 6662.88 | E68: 26.39 | F68: 115.19 | G68: 3942.02 | H68: 4496.81 | I68: 0 | J68: 0 | K68: 2166.07 | L68: 4083.6 | M68: 10746.48 | N68: 249.65 | O68: 10468.23 | P68: 12 | Q68: 10.5 | R68: 6.1 | S68: 10746.48 | T68: 0 | U68: 1121.61 | V68: 2098.15 | W68: 5691.64 | X68: 1835.08
A69: Apr 06 - Apr 12 | B69: 308 | C69: 9898.67 | D69: 5874.89 | E69: 0 | F69: 0 | G69: 4023.78 | H69: 4006.99 | I69: 0 | J69: 0 | K69: 1867.9 | L69: 4023.78 | M69: 9898.67 | N69: 297.9 | O69: 9555.27 | P69: 0 | Q69: 45.5 | R69: 0 | S69: 9898.67 | T69: 0 | U69: 585.94 | V69: 1602.94 | W69: 6310.19 | X69: 1399.6
A70: Apr 13 - Apr 19 | B70: 299 | C70: 10476.81 | D70: 5731.32 | E70: 82.84 | F70: 0 | G70: 4662.65 | H70: 3906.76 | I70: 0 | J70: 0 | K70: 1824.56 | L70: 4745.49 | M70: 10476.81 | N70: 270.5 | O70: 10199.21 | P70: 0 | Q70: 3.5 | R70: 3.6 | S70: 10476.81 | T70: 0 | U70: 555.84 | V70: 2686.21 | W70: 5304.72 | X70: 1930.04
A71: Apr 20 - Apr 26 | B71: 304 | C71: 9878.15 | D71: 6130.55 | E71: 0 | F71: 107.29 | G71: 3640.31 | H71: 4188.55 | I71: 0 | J71: 0 | K71: 1942 | L71: 3747.6 | M71: 9878.15 | N71: 274.09 | O71: 9591.06 | P71: 0 | Q71: 10.5 | R71: 2.5 | S71: 9878.15 | T71: 0 | U71: 1026.1 | V71: 1662.66 | W71: 5862.76 | X71: 1326.63
A72: Apr 27 - May 03 | B72: 281 | C72: 9713.31 | D72: 6648.1 | E72: 67.66 | F72: 112.8 | G72: 2884.75 | H72: 4828.73 | I72: 0 | J72: 0 | K72: 1819.37 | L72: 3065.21 | M72: 9713.31 | N72: 263.29 | O72: 9425.22 | Q72: 14 | R72: 10.8 | S72: 9713.31 | T72: 0 | U72: 950.84 | V72: 2299.61 | W72: 5416.36 | X72: 1046.5
A73: May 4 - May 10 | B73: 304 | C73: 9323.24 | D73: 6234.72 | E73: 87.44 | F73: 82.75 | G73: 2918.33 | H73: 4716.94 | I73: 0 | J73: 0 | K73: 1517.78 | L73: 3088.52 | M73: 9323.24 | N73: 255.11 | O73: 9039.83 | Q73: 17.5 | R73: 10.8 | S73: 9323.24 | T73: 0 | U73: 586.82 | V73: 2001.7 | W73: 5730.01 | X73: 1004.71
A74: May 11 - May 17 | B74: 285 | C74: 8601.27 | D74: 6074.67 | E74: 13.19 | F74: 42.59 | G74: 2470.82 | H74: 4303.96 | I74: 0 | J74: 0 | K74: 1770.71 | L74: 2526.6 | M74: 8601.27 | N74: 261.69 | O74: 8333.58 | Q74: 3.5 | R74: 2.5 | S74: 8601.27 | T74: 0 | U74: 583.35 | V74: 1515.66 | W74: 5079.84 | X74: 1422.42
A75: May 18 - May 24 | B75: 276 | C75: 8823.92 | D75: 6276.01 | E75: 81.04 | F75: 69.38 | G75: 2397.49 | H75: 4427.4 | I75: 0 | J75: 0 | K75: 1848.61 | L75: 2547.91 | M75: 8823.92 | N75: 304.5 | O75: 8509.92 | Q75: 7 | R75: 2.5 | S75: 8823.92 | T75: 0 | U75: 619.69 | V75: 1527.83 | W75: 5001.86 | X75: 1674.54
A76: May 25 - May 31 | B76: 288 | C76: 9696.33 | D76: 6451.75 | E76: 0 | F76: 52.77 | G76: 3191.81 | H76: 4497.15 | I76: 0 | J76: 0 | K76: 1954.6 | L76: 3244.58 | M76: 9696.33 | N76: 250.7 | O76: 9424.53 | Q76: 17.5 | R76: 3.6 | S76: 9696.33 | T76: 0 | U76: 884.9 | V76: 2041.69 | W76: 5020.36 | X76: 1749.38

Sheet Jane
B1: Sales by Sections | H1: Sales by Order Type | N1: Sales by Category (Net Sales) | U1: Daily and Hourly Sales (TBD)
B2: Total Bill Count | C2: Net Sales | D2: Remaining | E2: Skip | F2: DD | G2: Uber | H2: Take Out | I2: Delivery | J2: Bar Tab | K2: Dine-In | L2: Online Order | M2: Net Sales | N2: Drinks | O2: Food (Pizza K) | P2: Food Court | Q2: Smash Ox Burger | R2: Chickentarian | S2: UNCATEGORIZED | T2: Net Sales | U2: 8AM - 11AM | V2: 11AM - 3PM | W2: 3PM - 6PM | X2: 6PM - 11PM | Y2: 11PM-7AM
A3: Dec 30 - Jan 05 2025
A4: Jan 06 - Jan 12 2025
A5: Jan 13 - Jan 19 2025
A6: Jan 20 - Jan 26 2025
A7: Jan 27 - Feb 02 2025
A8: Feb 03 - Feb 09 2025 | C8: 8750.3 | D8: 6327.3 | E8: 39.87 | F8: 366.28 | G8: 2016.85 | H8: 6228.48 | I8: 0 | J8: 0 | K8: 98.82 | L8: 2423 | M8: 8750.3 | N8: 266.24 | O8: 8447.06 | P8: 37 | Q8: 0 | T8: 8750.3
A9: Feb 10 - Feb 16 2025 | C9: 8916.88 | D9: 6502.12 | E9: 47.13 | F9: 332.33 | G9: 2035.3 | H9: 6322.29 | I9: 0 | J9: 0 | K9: 179.83 | L9: 2414.76 | M9: 8916.88 | N9: 294.23 | O9: 8607.15 | P9: 15.5 | Q9: 0 | T9: 8916.88 | U9: 0 | V9: 1675.75 | W9: 1801.4 | X9: 4956.26 | Y9: 483.47
A10: Feb 17 - Feb 23 2025 | C10: 8565.65 | D10: 5630.35 | E10: 50.39 | F10: 354.55 | G10: 2530.36 | H10: 5441.81 | I10: 0 | J10: 0 | K10: 144.28 | L10: 2979.56 | M10: 8565.65 | N10: 183.1 | O10: 8355.55 | P10: 27 | Q10: 0 | T10: 8565.65 | U10: 0 | V10: 1213.4 | W10: 2378.22 | X10: 4734.52 | Y10: 239.51
A11: Feb 24 - Mar 02 2025 | C11: 7752.2 | D11: 5726.56 | E11: 77.05 | F11: 202.77 | G11: 1745.82 | H11: 5612.78 | I11: 0 | J11: 0 | K11: 100.59 | L11: 2038.83 | M11: 7752.2 | N11: 233.64 | O11: 7499.06 | P11: 19.5 | Q11: 0 | T11: 7752.2 | U11: 0 | V11: 951.83 | W11: 2202.86 | X11: 3950.09 | Y11: 647.42
A12: Mar 03 - Mar 09 2025 | C12: 6520.24 | D12: 4634.61 | E12: 131.39 | F12: 94.8 | G12: 1659.44 | H12: 4596.58 | I12: 0 | J12: 0 | K12: 38.03 | L12: 1885.63 | M12: 6520.24 | N12: 169.3 | O12: 6330.94 | P12: 20 | Q12: 0 | S12: 0 | T12: 6520.24 | U12: 0 | V12: 556.12 | W12: 2390.09 | X12: 2846.53 | Y12: 727.5
A13: Mar 10 - Mar 16 2025 | C13: 8152.41 | D13: 5586.64 | E13: 31.79 | F13: 128.38 | G13: 2405.6 | H13: 5511.66 | I13: 0 | J13: 0 | K13: 75 | L13: 2565.77 | M13: 8152.43 | N13: 238.04 | O13: 7902.39 | P13: 12 | Q13: 0 | S13: 0 | T13: 8152.43 | U13: 0 | V13: 487.21 | W13: 1428.79 | X13: 5290.23 | Y13: 946.18
A14: Mar 17 - Mar 23 2025 | C14: 8526.88 | D14: 5741.22 | E14: 120.33 | F14: 129.38 | G14: 2535.95 | H14: 5458.51 | I14: 0 | J14: 0 | K14: 282.73 | L14: 2785.66 | M14: 8526.9 | N14: 232.33 | O14: 8232.57 | P14: 62 | Q14: 0 | S14: 0 | T14: 8526.9 | U14: 14.25 | V14: 475.99 | W14: 1547.36 | X14: 5271.52 | Y14: 1217.76
A15: Mar 24 - Mar 30 2025 | C15: 9123.58 | D15: 6392.4 | E15: 26.4 | F15: 172.78 | G15: 2532 | H15: 6116.6 | I15: 0 | J15: 0 | K15: 275.8 | L15: 2731.18 | M15: 9123.58 | N15: 298.93 | O15: 8788.15 | P15: 36.5 | Q15: 0 | S15: 0 | T15: 9123.58 | U15: 0 | V15: 1081.34 | W15: 1466.34 | X15: 5388.59 | Y15: 1187.31
A16: March 31 - April 6 | C16: 9444.39 | D16: 6536.04 | E16: 54.59 | F16: 400.75 | G16: 2453.01 | H16: 8106.63 | I16: 0 | J16: 0 | K16: 2171.31 | L16: 3539.18 | M16: 13817.12 | N16: 492.36 | O16: 8915.53 | P16: 36.5 | Q16: 0 | S16: 0 | T16: 9444.39 | U16: 1594.72 | V16: 6898.84 | W16: =359.6+591.23
A17: April 7 - April 13 | C17: 9196.76 | D17: 6480.88 | E17: 34 | F17: 101.16 | G17: 2580.72 | H17: 6390.15 | I17: 0 | J17: 0 | K17: 90.75 | L17: 2715.88 | M17: 9196.78 | N17: 345.96 | O17: 8796.82 | P17: 54 | Q17: 0 | S17: 0 | T17: 9196.78 | U17: 20.85 | V17: 1379.19 | W17: 2495.23 | X17: 4822.36 | Y17: =85.87+393.26
A18: April 14 - April 20 | C18: 9897.87 | D18: 7019.51 | E18: 270.47 | F18: 173.39 | G18: 2434.5 | H18: 6965.11 | I18: 0 | J18: 0 | K18: 54.4 | L18: 2878.36 | M18: 9897.87 | N18: 411.27 | O18: 9428.1 | P18: 58.5 | Q18: 0 | S18: 0 | T18: 9897.87 | U18: 0 | V18: 1861.99 | W18: 1809.98 | X18: 5346.2 | Y18: 879.7
A19: Apr 21 - Apr 27 | C19: 10250.09 | D19: 6476.07 | E19: 172.47 | F19: 219.56 | G19: 3381.99 | H19: 6383.72 | I19: 0 | J19: 0 | K19: 92.34 | L19: 3774.02 | M19: 10250.08 | N19: 374.3 | O19: 9805.78 | P19: 70 | Q19: 0 | S19: 0 | T19: =P19+O19+N19 | U19: 0 | V19: 2382.11 | W19: 1471.19 | X19: 5480.73 | Y19: 916.06
A20: Apr 28 - May 4 | C20: 8776.99 | D20: 6534.2 | E20: 52 | F20: 77.97 | G20: 2112.82 | H20: 6466.78 | I20: 0 | J20: 0 | K20: 67.42 | L20: 2242.79 | M20: 8776.99 | N20: 273.38 | O20: 8452.11 | P20: 51.5 | Q20: 0 | S20: 0 | T20: 8776.99 | U20: 0 | V20: 1480.76 | W20: 1595.47 | X20: 5122.52 | Y20: 578.24
A21: May 5 - May 11 | C21: 10315.41 | D21: 7879.77 | E21: 194.38 | F21: 151.79 | G21: 2089.47 | H21: 7714.47 | I21: 0 | J21: 0 | K21: 165.3 | L21: 2435.64 | M21: 10315.41 | N21: 405.68 | O21: 9453.56 | P21: 75.02 | Q21: 381.15 | S21: 0 | T21: 10315.41 | U21: 0 | V21: 1891.9 | W21: 2500.04 | X21: 5069.76 | Y21: 853.71
A22: May 12 - May 18 | C22: 13019.07 | D22: 10604.2 | E22: 18 | F22: 122.79 | G22: 2274.08 | H22: 10301.53 | I22: 0 | J22: 0 | K22: 302.69 | L22: 2414.87 | M22: 13019.09 | N22: 526.6 | O22: 11897.95 | P22: 56.75 | Q22: 537.79 | S22: 0 | T22: 13019.09 | U22: 0 | V22: 2300.31 | W22: 2291.73 | X22: 7600.4 | Y22: 826.63
A23: May 19 - May 25 | C23: 12581.42 | D23: 9716.56 | E23: 31.6 | F23: 327.52 | G23: 2505.74 | H23: 9421.74 | I23: 0 | J23: 0 | K23: 294.82 | L23: 2864.86 | M23: 12581.42 | N23: 505.65 | O23: 11601.59 | P23: 67.5 | Q23: 406.68 | S23: 0 | T23: 12581.42 | U23: 0 | V23: 2628.38 | W23: 2723.01 | X23: 6599.9 | Y23: 630.13
A24: May 26 - Jun 01 | C24: 12914.17 | D24: 10539.05 | E24: 63.9 | F24: 177.37 | G24: 2133.85 | H24: 10410.54 | I24: 0 | J24: 0 | K24: 128.51 | L24: 2375.12 | M24: 12914.17 | N24: 678.48 | O24: 11892.92 | P24: 31.5 | Q24: 311.27 | S24: 0 | T24: 12914.17 | U24: 0 | V24: 3409.9 | W24: 2679.14 | X24: 5790.5 | Y24: 1034.63
A25: Jun 02 - Jun 08 | C25: 12572.13 | D25: 10178.35 | E25: 0 | F25: 87.2 | G25: 2306.58 | H25: 10000.9 | I25: 0 | J25: 0 | K25: 177.45 | L25: 2393.78 | M25: 12572.13 | N25: 588.75 | O25: 11620.62 | P25: 45.5 | Q25: 317.26 | S25: 0 | T25: 12572.13 | U25: 0 | V25: 2519.94 | W25: 2201.65 | X25: 7223.05 | Y25: 627.49
A26: Jun 09 - Jun 15 | C26: 14114.3 | D26: 10842.72 | E26: 0 | F26: 289.85 | G26: 2981.73 | H26: 10550.16 | I26: 0 | J26: 0 | K26: 292.56 | L26: 3271.58 | M26: 14114.3 | N26: 672.66 | O26: 12772.12 | P26: 46.5 | Q26: 623.02 | S26: 0 | T26: 14114.3 | U26: 0 | V26: 2840.59 | W26: 3104.47 | X26: 7008.35 | Y26: 1160.89
A27: Jun 16 - Jun 22 | C27: 14802.96 | D27: 11672.57 | E27: 125.2 | F27: 217.75 | G27: 2787.44 | H27: 11527.12 | I27: 0 | J27: 0 | K27: 145.48 | L27: 3130.39 | M27: 14802.99 | N27: 795.67 | O27: 13484.74 | P27: 10.5 | Q27: 512.08 | S27: 0 | T27: 14802.99 | U27: 0 | V27: 2951.37 | W27: 3185.52 | X27: 8040.13 | Y27: 625.94
A28: Jun 23 - Jun 29 | C28: 16665.19 | D28: 13989.28 | E28: 141.6 | F28: 308.72 | G28: 2225.59 | H28: 13645.73 | I28: 0 | J28: 0 | K28: 343.53 | L28: 2675.91 | M28: 16665.17 | N28: 1096.21 | O28: 14762.07 | P28: 90.5 | Q28: 716.39 | S28: 0 | T28: 16665.17 | U28: 0 | V28: 3439.8 | W28: 3929.81 | X28: 8430.07 | Y28: 865.51
A29: Jun 30 - Jul 06 | C29: 16643.15 | D29: 14252.93 | E29: 0 | F29: 68.09 | G29: 2322.13 | H29: 13919.52 | I29: 0 | J29: 0 | K29: 333.39 | L29: 2390.22 | M29: 16643.13 | N29: 1042.48 | O29: 14814.79 | P29: 64 | Q29: 721.86 | S29: 0 | T29: 16643.13 | U29: 0 | V29: 2764.89 | W29: 3711.6 | X29: 8889.87 | Y29: 1276.79
A30: Jul 07 - Jul 13 | C30: 18505.62 | D30: 15414.09 | E30: 55.47 | F30: 117.4 | G30: 2918.66 | H30: 15027.72 | I30: 0 | J30: 0 | K30: 386.35 | L30: 3091.53 | M30: 18505.6 | N30: 1162.06 | O30: 16678.56 | P30: 42.5 | Q30: 622.48 | S30: 0 | T30: 18505.6 | U30: 0 | V30: 3322.98 | W30: 3534.16 | X30: 10231.31 | Y30: 1417.17
A31: Jul 14 - Jul 20 | C31: 16730.49 | D31: 14210.58 | E31: 7.2 | F31: 269.71 | G31: 2243 | H31: 13649.17 | I31: 0 | J31: 0 | K31: 561.33 | L31: 2519.91 | M31: 16730.41 | N31: 1274.98 | O31: 14523.57 | P31: 35 | Q31: 770.87 | S31: 125.99 | T31: 16730.41 | U31: 0 | V31: 3028.82 | W31: 4131.09 | X31: 8406.34 | Y31: 1164.24
... A44: Oct 13 - Oct 19 | C44: 12633.66 | D44: 10151.39 | E44: 58.8 | F44: 134.73 | G44: 2288.74 | H44: 9942.61 | I44: 0 | J44: 0 | K44: 208.76 | L44: 2482.27 | M44: 12633.64 | N44: 538.95 | O44: 11706.85 | P44: 24.5 | Q44: 363.34 | S44: 0 | T44: 12633.64 | U44: 0 | V44: 2026.56 | W44: 2541.23 | X44: 6130.27 | Y44: 1935.6
A45: Oct 20 - Oct 26 | B45: 455 | C45: 11741.34 | D45: 9570.55 | E45: 47.99 | F45: 176.47 | G45: 1946.33 | H45: 1946.33 | I45: 0 | J45: 0 | K45: 270.16 | L45: 2170.79 | M45: 11741.34 | N45: 612.61 | O45: 10621.88 | P45: 42 | Q45: 464.85 | S45: 0 | T45: 11741.34 | U45: 0 | V45: 1662.5 | W45: 2575.22 | X45: 5941.19 | Y45: 1562.43
A46: Oct 27 - Nov 02 | B46: 441 | C46: 12727.63 | D46: 10607.79 | E46: 103.54 | F46: 45.58 | G46: 1970.72 | H46: 10362.24 | I46: 0 | J46: 0 | K46: 245.54 | L46: 2119.84 | M46: 12727.62 | N46: 552.59 | O46: 11556.64 | P46: 63 | Q46: 555.39 | S46: 0 | T46: 12727.62 | U46: 0 | V46: 1227.53 | W46: 2916.86 | X46: 6603.33 | Y46: 1979.91
A47: Nov 03 - Nov 09 | B47: 336 | C47: 10336.24 | D47: 6799.22 | E47: 67.2 | F47: 81.64 | G47: 3388.18 | H47: 6690.14 | I47: 0 | J47: 0 | K47: 109.08 | L47: 3537.02 | M47: 10336.24 | N47: 389.46 | O47: 9619.29 | P47: 31.5 | Q47: 295.99 | S47: 0 | T47: 10336.24 | U47: 0 | V47: 2201.78 | W47: 2106.08 | X47: 5289.62 | Y47: 738.76
A48: Nov 10 - Nov 16 | B48: 306 | C48: 9167.09 | D48: 6595.57 | E48: 99.88 | F48: 122.38 | G48: 2349.26 | H48: 6396.76 | I48: 0 | J48: 0 | K48: 198.81 | L48: 2571.52 | M48: 9167.09 | N48: 278.49 | O48: 8519.12 | P48: 17.5 | Q48: 351.98 | S48: 0 | T48: 9167.09 | U48: 0 | V48: 1487.21 | W48: 2486.89 | X48: 4519.07 | Y48: 673.92
A49: Nov 17 - Nov 23 | B49: 368 | C49: 10820.8 | D49: 8469.63 | E49: 91.6 | F49: 125.39 | G49: 2134.18 | H49: 8388.1 | I49: 0 | J49: 0 | K49: 81.48 | L49: 2351.17 | M49: 10820.75 | N49: 310.16 | O49: 9988.1 | P49: 94.5 | Q49: 427.99 | S49: 0 | T49: 10820.75 | U49: 0 | V49: 1656.83 | W49: 2666.82 | X49: 5685.58 | Y49: 811.57
A50: Nov 24 - Nov 30 | B50: 382 | C50: 10725.94 | D50: 7644.15 | E50: 78.39 | F50: 185.93 | G50: 2817.47 | H50: 7477.91 | I50: 0 | J50: 0 | K50: 166.2 | L50: 3081.79 | M50: 10725.9 | N50: 360.56 | O50: 9871.83 | P50: 53 | Q50: 434.52 | S50: 5.99 | T50: 10725.9 | U50: 0 | V50: 1895.6 | W50: 2739.05 | X50: 5284.31 | Y50: 806.98
A51: Dec 01 - Dec 07 | B51: 361 | C51: 11000.2 | D51: 6631.19 | E51: 24.3 | F51: 259.04 | G51: 4085.67 | H51: 6441.8 | I51: 0 | J51: 0 | K51: 189.37 | L51: 4369.01 | M51: 11000.18 | N51: 363.6 | O51: 10339.14 | P51: 67 | Q51: 230.44 | S51: 0 | T51: 11000.18 | U51: 0 | V51: 2228.5 | W51: 2159.52 | X51: 6005.69 | Y51: 606.49
A52: Dec 08 - Dec 14 | B52: 338 | C52: 9581.05 | D52: 6152.9 | E52: 42.21 | F52: 159.43 | G52: 3226.51 | H52: 5963.5 | I52: 0 | J52: 0 | K52: 189.39 | L52: 3428.15 | M52: 9581.04 | N52: 223.74 | O52: 8975.92 | P52: 49.5 | Q52: 331.88 | S52: 0 | T52: 9581.04 | U52: 0 | V52: 1719.54 | W52: 2106.67 | X52: 5096.75 | Y52: 658.09
A53: Dec 15 - Dec 21 | B53: 385 | C53: 11518.17 | D53: 7247.33 | E53: 76 | F53: 171.26 | G53: 4023.58 | H53: 7149.25 | I53: 0 | J53: 0 | K53: 98.07 | L53: 4270.84 | M53: 11518.16 | N53: 375.88 | O53: 10710.39 | P53: 45.5 | Q53: 386.39 | S53: 0 | T53: 11518.16 | U53: 0 | V53: 2935.97 | W53: 2402.08 | X53: 5341.04 | Y53: 839.08
A54: Dec 22 - Dec 28 | B54: 376 | C54: 12664.69 | D54: 165.78 | E54: 145.17 | F54: 3296.03 | G54: 9057.71 | H54: 8940.31 | I54: 0 | J54: 0 | K54: 117.39 | L54: 3606.98 | M54: 12664.68 | N54: 350.98 | O54: 11814.12 | P54: 77 | Q54: 422.58 | S54: 0 | T54: 12664.68 | U54: 0 | V54: 1627.3 | W54: 2963.7 | X54: 7362.07 | Y54: 711.62
A55: Dec 29 - Jan 04 | B55: 400 | C55: 14098.07 | D55: 9346 | E55: 54.29 | F55: 498.75 | G55: 4199.03 | H55: 9239.05 | I55: 0 | J55: 0 | K55: 106.94 | L55: 4752.07 | M55: 14098.06 | N55: 413.06 | O55: 12857.96 | P55: 53 | Q55: 774.04 | S55: 0 | T55: 14098.06 | U55: 0 | V55: 2115.95 | W55: 3779.66 | X55: 6553.04 | Y55: 1649.42
A56: Jan 05 - Jan 11 | B56: 322 | C56: 9183.79 | D56: 5791.15 | E56: 52.8 | F56: 177.15 | G56: 3162.69 | H56: 5642.86 | I56: 0 | J56: 0 | K56: 148.28 | L56: 3392.64 | M56: 9183.78 | N56: 269.16 | O56: 8624.57 | P56: 17.5 | Q56: 272.55 | S56: 0 | T56: 9183.78 | U56: 0 | V56: 1947.7 | W56: 2164.19 | X56: 4367.86 | Y56: 704.04
A57: Jan 12 - Jan 18 | B57: 301 | C57: 9941.61 | D57: 5523.61 | E57: 26.4 | F57: 82.78 | G57: 4308.82 | H57: 5461.57 | I57: 0 | J57: 0 | K57: 62.04 | L57: 4418 | M57: 9941.61 | N57: 308.26 | O57: 9331.31 | P57: 0 | Q57: 302.04 | S57: 0 | T57: 9941.61 | U57: 0 | V57: 1831.81 | W57: 2363.93 | X57: 4989.64 | Y57: 756.23
A58: Jan 19 - Jan 25 | B58: 323 | C58: 9949.43 | D58: 5760.51 | E58: 84 | F58: 191.33 | G58: 3913.59 | H58: 5613.1 | I58: 0 | J58: 0 | K58: 147.41 | L58: 4188.92 | M58: 9949.43 | N58: 274.61 | O58: 9247.54 | P58: 49 | Q58: 366.28 | S58: 12 | T58: 9949.43 | U58: 0 | V58: 1394.97 | W58: 2591 | X58: 5465.25 | Y58: 498.21
A59: Jan 26 - Feb 01 | B59: 291 | C59: 10571.41 | D59: 6728.87 | E59: 186.48 | F59: 198.47 | G59: 3457.59 | H59: 6555.75 | I59: 0 | J59: 0 | K59: 173.12 | L59: 3842.54 | M59: 10571.41 | N59: 339.01 | O59: 9879.68 | P59: 52.5 | Q59: 294.22 | S59: 6 | T59: 10571.41 | U59: 0 | V59: 1964.75 | W59: 2599.87 | X59: 5497.27 | Y59: 509.52
A60: Feb 02 - Feb 08 | B60: 350 | C60: 10485.17 | D60: 6839.92 | E60: 16 | F60: 196.79 | G60: 3432.46 | H60: 6741.72 | I60: 0 | J60: 0 | K60: 98.16 | L60: 3645.25 | M60: 10485.13 | N60: 301.44 | O60: 9713.5 | P60: 10.5 | Q60: 459.69 | S60: 0 | T60: 10485.13 | U60: 0 | V60: 2005.84 | W60: 2469.96 | X60: 5568.38 | Y60: 440.99
A61: Feb 09 - Feb 15 | B61: 401 | C61: 12249.99 | D61: 8167.65 | E61: 64.9 | F61: 183.09 | G61: 3834.35 | H61: 8084.27 | I61: 0 | J61: 0 | K61: 83.38 | L61: 4082.34 | M61: 12249.99 | N61: 319.88 | O61: 11307.41 | P61: 21 | Q61: 589.7 | S61: 12 | T61: 12249.99 | U61: 0 | V61: 2474.5 | W61: 2630.56 | X61: 6245.89 | Y61: 899.04
A62: Feb 16 - Feb 22 | B62: 264 | C62: 7692.39 | D62: 4703.17 | E62: 26.4 | F62: 34.67 | G62: 2928.15 | H62: 4625.45 | I62: 0 | J62: 0 | K62: 77.72 | L62: 2989.22 | M62: 7692.39 | N62: 193.48 | O62: 6931.66 | P62: 28 | Q62: 539.25 | S62: 0 | T62: 7692.39 | U62: 0 | V62: 1028.31 | W62: 2206.84 | X62: 3553.43 | Y62: 903.81
A63: Feb 23 - Mar 01 | B63: 331 | C63: 9985.73 | D63: 6044.16 | E63: 151.16 | F63: 186.41 | G63: 3604 | H63: 5797.57 | I63: 0 | J63: 0 | K63: 246.59 | L63: 3941.57 | M63: 9985.73 | N63: 240.17 | O63: 9392.42 | P63: 28 | Q63: 325.14 | S63: 0 | T63: 9985.73 | U63: 203.96 | V63: 1285 | W63: 3860.76 | X63: 3790.14 | Y63: 845.87
A64: Mar 02 - Mar 08 | B64: 290 | C64: 9970.83 | D64: 6076.89 | E64: 99.47 | F64: 337.21 | G64: 3457.26 | H64: 5905.95 | I64: 0 | J64: 0 | K64: 170.93 | L64: 3893.94 | M64: 9970.82 | N64: 232.96 | O64: 9066.48 | P64: 14 | Q64: 657.38 | S64: 0 | T64: 9970.82 | U64: 0 | V64: 1596.53 | W64: 3937.89 | X64: 3181.36 | Y64: 1255.05
A65: Mar 09 - Mar 15 | B65: 278 | C65: 9838.09 | D65: 5570.43 | E65: 55.79 | F65: 239.63 | G65: 3972.24 | H65: 5497.96 | I65: 0 | J65: 0 | K65: 72.47 | L65: 4267.66 | M65: 9838.09 | N65: 290.42 | O65: 8670.36 | P65: 42 | Q65: 835.31 | S65: 0 | T65: 9838.09 | U65: 0 | V65: 889.81 | W65: 1920.91 | X65: 5583.17 | Y65: 1444.2
A66: Mar 16 - Mar 22 | B66: 317 | C66: 11664.97 | D66: 7661.62 | E66: 116.44 | F66: 85.2 | G66: 3801.71 | H66: 7554.18 | I66: 0 | J66: 0 | K66: 107.42 | L66: 4003.35 | M66: 11664.95 | N66: 301.14 | O66: 10660.73 | P66: 38.5 | Q66: 664.58 | S66: 0 | T66: 11664.95 | U66: 0 | V66: 1215.48 | W66: 2436.47 | X66: 7007.02 | Y66: 1006
... A71: Apr 20 - Apr 26 | B71: 398 | C71: 13167.54 | D71: 8609.43 | E71: 84.1 | F71: 244.21 | G71: 4229.8 | H71: 8201.24 | I71: 0 | J71: 0 | K71: 408.19 | L71: 4558.11 | M71: 13167.54 | N71: 410.84 | O71: 11838.38 | P71: 10.5 | Q71: 895.83 | S71: 11.99 | T71: 13167.54 | U71: 0 | V71: 2863.15 | W71: 2919.6 | X71: 5948.25 | Y71: 1436.54
A72: Apr 27 - May 03 | B72: 417 | C72: 12216.61 | D72: 8287.74 | E72: 102.3 | F72: 155.88 | G72: 3670.69 | H72: 8092.71 | I72: 0 | J72: 0 | K72: 195.03 | L72: 3928.87 | M72: 12216.61 | N72: 465.76 | O72: 10619.62 | P72: 63.5 | Q72: 604.81 | R72: 462.89 | T72: 12216.58 | U72: 0 | V72: 2126.74 | W72: 2924.09 | X72: 6029.4 | Y72: 1136.38
A73: May 4 - May 10 | B73: 492 | C73: 14442.83 | D73: 11228.97 | E73: 118.77 | F73: 151.62 | G73: 2943.47 | H73: 11073.22 | I73: 0 | J73: 0 | K73: 155.75 | L73: 3213.86 | M73: 14442.83 | N73: 611.5 | O73: 12385.34 | P73: 6.3 | Q73: 724.43 | R73: 655.26 | S73: 60 | T73: 14442.83 | U73: 0 | V73: 3872.8 | W73: 3289.39 | X73: 6326.61 | Y73: 954.03
A74: May 11 - May 17 | B74: 642 | C74: 17992.41 | D74: 14723.94 | E74: 70.57 | F74: 181.8 | G74: 3016.1 | H74: 14397.7 | I74: 0 | J74: 0 | K74: 326.24 | L74: 3268.47 | M74: 17992.41 | N74: 930.96 | O74: 15100.95 | P74: 42 | Q74: 992.55 | R74: 925.92 | T74: 17992.38 | U74: 5.98 | V74: 4106.49 | W74: 3465.09 | X74: 8772.98 | Y74: 1641.87
A75: May 18 - May 24 | B75: 666 | C75: 17247.87 | D75: 13637.1 | E75: 65.97 | F75: 296.3 | G75: 3248.5 | H75: 13414.61 | I75: 0 | J75: 0 | K75: 222.49 | L75: 3610.77 | M75: 17247.87 | N75: 967.56 | O75: 13779.55 | P75: 35 | Q75: 1231.05 | R75: 1234.65 | T75: 17247.81 | U75: 0 | V75: 3398.4 | W75: 4352.55 | X75: 8573.96 | Y75: 922.96
A76: May 25 - May 31 | B76: 681 | C76: 18212.5 | D76: 13790.83 | E76: 229.05 | F76: 221.08 | G76: 3971.54 | H76: 13523 | I76: 0 | J76: 0 | K76: 267.83 | L76: 4421.67 | M76: 18212.5 | N76: 929.84 | O76: 14969.59 | P76: 42 | Q76: 1268.63 | R76: 1002.42 | T76: 18212.48 | U76: 33.48 | V76: 3946.22 | W76: 3901.55 | X76: 9263.98 | Y76: 1067.27

Sheet Ajax
B1: Sales by Sections | H1: Sales by Order Type | N1: Sales by Category (Net Sales) | V1: Daily and Hourly Sales (TBD)
B2: Total Bill Count | C2: Net Sales | D2: Remaining | E2: Skip | F2: DD | G2: Uber | H2: Take Out | I2: Delivery | J2: Bar Tab | K2: Dine-In | L2: Online Order | M2: Net Sales | N2: Chickentarian | O2: Drinks | P2: Food (Pizza K) | Q2: Food Court | R2: KT icecream | S2: Smash Ox Burger | T2: UNCATEGORIZED | U2: Net Sales | V2: 8AM - 11AM | W2: 11AM - 3PM | X2: 3PM - 6PM | Y2: 6PM - 11PM | Z2: 11PM-7AM
A3: Dec 30 - Jan 05 2025
A4: Jan 06 - Jan 12 2025
A5: Jan 13 - Jan 19 2025
A6: Jan 20 - Jan 26 2025
A7: Jan 27 - Feb 02 2025
A8: Feb 03 - Feb 09 2025 | C8: 10609.82 | D8: 7389.99 | E8: 278.97 | F8: 407.38 | G8: 2533.48 | H8: 6404.07 | I8: 0 | J8: 0 | K8: 985.92 | L8: 3219.83 | M8: 10609.82 | N8: 0 | O8: 292.87 | P8: 10308.95 | Q8: 8 | R8: 0 | T8: 0 | U8: 10609.82
A9: Feb 10 - Feb 16 2025 | C9: 9317.92 | D9: 7103.86 | E9: 226.8 | F9: 546.81 | G9: 1440.45 | H9: 6463.27 | I9: 0 | J9: 0 | K9: 640.59 | L9: 2214.06 | M9: 9317.92 | N9: 0 | O9: 178.29 | P9: 9107.63 | Q9: 32 | R9: 0 | T9: 0 | U9: 9317.92 | V9: 0 | W9: 1349.04 | X9: 2228.66 | Y9: 5231.76 | Z9: 508.46
A10: Feb 17 - Feb 23 2025 | C10: 12885.05 | D10: 9549.8 | E10: 105.6 | F10: 590.81 | G10: 2638.84 | H10: 8360.17 | I10: 0 | J10: 0 | K10: 1189.65 | L10: 3335.25 | M10: 12885.07 | N10: 0 | O10: 519.29 | P10: 12313.78 | Q10: 52 | R10: 0 | T10: 0 | U10: 12885.07 | V10: 0 | W10: 2528.78 | X10: 2950.37 | Y10: 6632.09 | Z10: 773.81
A11: Feb 24 - Mar 02 2025 | C11: 9312.86 | D11: 6193.36 | E11: 184.66 | F11: 278.48 | G11: 2656.36 | H11: 5202.64 | I11: 0 | J11: 35.24 | K11: 955.48 | L11: 3119.5 | M11: 9312.86 | N11: 0 | O11: 310.65 | P11: 8962.21 | Q11: 40 | R11: 0 | T11: 0 | U11: 9312.86 | V11: 0 | W11: 768.75 | X11: 2825.2 | Y11: 5085.62 | Z11: 633.29
A12: Mar 03 - Mar 09 2025 | C12: 9676.14 | D12: 6082.76 | E12: 128.39 | F12: 259.05 | G12: 3205.94 | H12: 5584.67 | I12: 0 | J12: 0 | K12: 498.09 | L12: 3593.38 | M12: 9676.14 | N12: 0 | O12: 201.13 | P12: 9417.51 | Q12: 57.5 | R12: 0 | T12: 0 | U12: 9676.14 | V12: 0 | W12: 630.5 | X12: 4160.44 | Y12: 3678.88 | Z12: 1206.32
A13: Mar 10 - Mar 16 2025 | C13: 10463.53 | D13: 6271.89 | E13: 187.23 | F13: 162.27 | G13: 3842.14 | H13: 5515.72 | I13: 0 | J13: 0 | K13: 756.17 | L13: 4191.64 | M13: 10463.53 | N13: 0 | O13: 295.66 | P13: 10127.87 | Q13: 40 | R13: 0 | T13: 0 | U13: 10463.53 | V13: 0 | W13: 567.13 | X13: 2420.8 | Y13: 6253.1 | Z13: 1222.5
A14: Mar 17 - Mar 23 2025 | C14: 10033 | D14: 5689.23 | E14: 227.57 | F14: 240.99 | G14: 3875.21 | H14: 5267.68 | I14: 0 | J14: 0 | K14: 421.55 | L14: 4343.77 | M14: 10033 | N14: 0 | O14: 170.24 | P14: 9835.76 | Q14: 27 | R14: 0 | T14: 0 | U14: 10033 | V14: 0 | W14: 509.1 | X14: 1603.8 | Y14: 6975.9 | Z14: 944.2
A15: Mar 24 - Mar 30 2025 | C15: =G15+F15+E15+D15 | D15: =1268.38+7160.89 | E15: 233.38 | F15: 200.17 | G15: 4468.76 | H15: 7182.86 | I15: 0 | J15: 0 | K15: 1246.58 | L15: 4902.31 | M15: 13331.75 | N15: 0 | O15: 375.84 | P15: 12934.29 | Q15: 21.62 | R15: 0 | T15: 0 | U15: 13331.75 | V15: 0 | W15: 860.58 | X15: 2813.67 | Y15: 8185.87 | Z15: 1471.46
A16: March 31 - April 6 | C16: 13817.12 | D16: =2194.81+8083.13 | E16: 176.09 | F16: 345.17 | G16: 3017.92 | H16: 8106.63 | I16: 0 | J16: 0 | K16: 2171.31 | L16: 3539.18 | M16: 13817.12 | N16: 0 | O16: 471.7 | P16: 13273.92 | Q16: 71.5 | R16: 0 | T16: 0 | U16: 13817.12 | V16: 1923.02 | W16: 9979.33 | X16: =1036.85+877.92
A17: April 7 - April 13 | C17: 11390.74 | D17: =1042.69+6483.07 | E17: 115.58 | F17: 402.91 | G17: 3346.49 | H17: 6483.07 | I17: 0 | J17: 0 | K17: 1042.73 | L17: 3864.98 | M17: 11390.78 | N17: 0 | O17: 490.83 | P17: 10843.95 | Q17: 56 | R17: 0 | T17: 0 | U17: 11390.78 | V17: 0 | W17: 973.95 | X17: 2571.16 | Y17: 6341.4 | Z17: =614.47+889.76
A18: April 14 - April 20 | C18: 15392.18 | D18: 10454.27 | E18: 413.06 | F18: 446.92 | G18: 4077.93 | H18: 9122.41 | I18: 0 | J18: 0 | K18: 1331.86 | L18: 4937.91 | M18: 15392.18 | N18: 0 | O18: 465.38 | P18: 14810.8 | Q18: 116 | R18: 0 | T18: 0 | U18: 15392.18 | V18: 0 | W18: 1525.56 | X18: 3035.35 | Y18: 9683.37 | Z18: 1147.9
A19: Apr 21 - Apr 27 | C19: 13129.61 | D19: 8421.13 | E19: 399.99 | F19: 285.49 | G19: 4023 | H19: 7107.61 | I19: 0 | J19: 0 | K19: 1313.52 | L19: 4708.48 | M19: 13129.61 | N19: 0 | O19: 438.53 | P19: 12627.08 | Q19: 64 | R19: 0 | T19: 0 | U19: 13129.61 | V19: 0 | W19: 2419.07 | X19: 2507.93 | Y19: 7284.03 | Z19: 918.58
A20: Apr 28 - May 4 | C20: 12302.18 | D20: 7781.83 | E20: 238.34 | F20: 235.35 | G20: 4046.66 | H20: 6687.5 | I20: 0 | J20: 0 | K20: 1094.33 | L20: 4520.35 | M20: 12302.18 | N20: 0 | O20: 398.93 | P20: 11799.25 | Q20: 104 | R20: 0 | T20: 0 | U20: 12302.18 | V20: 0 | W20: 1643.23 | X20: 2576.47 | Y20: 7197.72 | Z20: 884.76
A21: May 5 - May 11 | C21: 12101.05 | D21: 7982.31 | E21: 198.57 | F21: 318.96 | G21: 3601.21 | H21: 6793.6 | I21: 0 | J21: 0 | K21: 1188.75 | L21: 4118.74 | M21: 12101.09 | N21: 0 | O21: 495.37 | P21: 11537.72 | Q21: 68 | R21: 0 | T21: 0 | U21: 12101.09 | V21: 0 | W21: 1342.37 | X21: 2787.05 | Y21: 7029.52 | Z21: 942.11
A22: May 12 - May 18 | C22: 11438.46 | D22: 8405.86 | E22: 78.4 | F22: 136.06 | G22: 2818.14 | H22: 6706.61 | I22: 0 | J22: 0 | K22: 1671.67 | L22: 3060.2 | M22: 11438.48 | N22: 0 | O22: 464.06 | P22: 10946.42 | Q22: 28 | R22: 0 | T22: 0 | U22: 11438.48 | V22: 0 | W22: 1370.81 | X22: 2216.39 | Y22: 6605.5 | Z22: 1245.76
A23: May 19 - May 25 | C23: 12590.84 | D23: 8994.09 | E23: 184.39 | F23: 327.44 | G23: 3084.92 | H23: 7326.63 | I23: 0 | J23: 0 | K23: 1667.46 | L23: 3596.75 | M23: 12590.84 | N23: 0 | O23: 435.66 | P23: 12143.68 | Q23: 11.5 | R23: 0 | T23: 0 | U23: 12590.84 | V23: 0 | W23: 1417.02 | X23: 2412.98 | Y23: 7739.67 | Z23: 1021.17
A24: May 26 - Jun 01 | C24: 11570.02 | D24: 7507.73 | E24: 226.8 | F24: 244.58 | G24: 3590.91 | H24: 6971.27 | I24: 0 | J24: 0 | K24: 536.46 | L24: 4062.29 | M24: 11570.02 | N24: 0 | O24: 405.16 | P24: 11142.36 | Q24: 22.5 | R24: 0 | T24: 0 | U24: 11570.02 | V24: 0 | W24: 1367.09 | X24: 1967.95 | Y24: 7479.05 | Z24: 755.93
A25: Jun 02 - Jun 08 | C25: 13101.38 | D25: 9587.9 | E25: 96.4 | F25: 373.06 | G25: 3044.02 | H25: 8778.48 | I25: 0 | J25: 0 | K25: 809.42 | L25: 3513.48 | M25: 13101.38 | N25: 0 | O25: 394.63 | P25: 12692.75 | Q25: 14 | R25: 0 | T25: 0 | U25: 13101.38 | V25: 0 | W25: 1868.04 | X25: 2115.16 | Y25: 8385.12 | Z25: 733.06
A26: Jun 09 - Jun 15 | C26: 10858.39 | D26: 7482.18 | E26: 146.78 | F26: 419.77 | G26: 2809.66 | H26: 6875.48 | I26: 0 | J26: 0 | K26: 606.7 | L26: 3376.21 | M26: 10858.39 | N26: 73.79 | O26: 397.75 | P26: 10368.35 | Q26: 18.5 | R26: 0 | T26: 0 | U26: 10858.39 | V26: 0 | W26: 1667.9 | X26: 2254.77 | Y26: 5882.28 | Z26: 1053.44
A27: Jun 16 - Jun 22 | C27: 11400.54 | D27: 7844.48 | E27: 110.19 | F27: 328.66 | G27: 3117.21 | H27: 6828.27 | I27: 0 | J27: 0 | K27: 1016.21 | L27: 3556.06 | M27: 11400.54 | N27: 245.83 | O27: 472.27 | P27: 10652.94 | Q27: 29.5 | R27: 0 | T27: 0 | U27: 11400.54 | V27: 0 | W27: 1740.07 | X27: 2352.45 | Y27: 6501.97 | Z27: 806.05
A28: Jun 23 - Jun 29 | C28: 13915.71 | D28: 8994.12 | E28: 161.96 | F28: 317.34 | G28: 4442.29 | H28: 7636.57 | I28: 0 | J28: 0 | K28: 1357.55 | L28: 4921.59 | M28: 13915.71 | N28: 87.93 | O28: 543.08 | P28: 13274.2 | Q28: 10.5 | R28: 0 | T28: 0 | U28: 13915.71 | V28: 0 | W28: 2364.17 | X28: 2350.87 | Y28: 8287.42 | Z28: 913.25
A29: Jun 30 - Jul 06 | C29: 13482.63 | D29: 9758.26 | E29: 268.72 | F29: 373.7 | G29: 3081.95 | H29: 8055.35 | I29: 0 | J29: 0 | K29: 1702.9 | L29: 3724.37 | M29: 13482.62 | N29: 174.89 | O29: 559 | P29: 12724.73 | Q29: 24 | R29: 0 | T29: 0 | U29: 13482.62 | V29: 13.6 | W29: 1855.98 | X29: 2102.71 | Y29: 8173.05 | Z29: 1337.29
... A43: Oct 06 - Oct 12 | C43: 11089.2 | D43: 8817.92 | E43: 36 | F43: 529.64 | G43: 1705.64 | H43: 8323.01 | I43: 0 | J43: 0 | K43: 494.9 | L43: 2271.28 | M43: 11089.19 | N43: 120.42 | O43: 316.51 | P43: 10603.04 | Q43: 8 | R43: 29.22 | T43: 12 | U43: 11089.19 | V43: 0 | W43: 1283.99 | X43: 2426.98 | Y43: 6738.23 | Z43: 640
A44: Oct 13 - Oct 19 | C44: 12237.08 | D44: 8992.1 | E44: 198 | F44: 397.59 | G44: 2649.39 | H44: 8276.51 | I44: 0 | J44: 0 | K44: 715.6 | L44: 3244.98 | M44: 12237.09 | N44: 60.95 | O44: 448.92 | P44: 11686.58 | Q44: 32 | R44: 8.64 | U44: 12237.09 | V44: 0 | W44: 1615.81 | X44: 2966.64 | Y44: 6650.6 | Z44: 1004.03
A45: Oct 20 - Oct 26 | B45: 391 | C45: 10578.06 | D45: 7878.25 | E45: 106.79 | F45: 339.74 | G45: 2253.28 | H45: 2253.28 | I45: 0 | J45: 0 | K45: 365.94 | L45: 2699.81 | M45: 10578.06 | N45: 191.85 | O45: 333.83 | P45: 9929.41 | Q45: 38 | R45: 24.97 | T45: 60 | U45: 10578.06 | V45: 2.25 | W45: 1608.39 | X45: 2511.8 | Y45: 5767.44 | Z45: 688.18
A46: Oct 27 - Nov 02 | B46: 435 | C46: 13505.12 | D46: 9114.07 | E46: 208.78 | F46: 316.79 | G46: 3865.48 | H46: 8564.87 | I46: 0 | J46: 0 | K46: 549.2 | L46: 4391.05 | M46: 13505.12 | N46: 249.43 | O46: 344.87 | P46: 12854.83 | Q46: 26.5 | R46: 5.49 | T46: 24 | U46: 13505.12 | V46: 22 | W46: 1834.88 | X46: 3407.35 | Y46: 7621.7 | Z46: 619.19
A47: Nov 03 - Nov 09 | B47: 332 | C47: 9826.2 | D47: 6703.57 | E47: 376.55 | F47: 423.37 | G47: 2322.71 | H47: 6375.19 | I47: 0 | J47: 0 | K47: 328.38 | L47: 3122.63 | M47: 9826.2 | N47: 221.88 | O47: 340.87 | P47: 9152.46 | Q47: 45.5 | R47: 5.49 | T47: 60 | U47: 9826.2 | V47: 0 | W47: 1613.77 | X47: 2631.08 | Y47: 5065.61 | Z47: 515.74
A48: Nov 10 - Nov 16 | B48: 338 | C48: 10223.77 | D48: 7228.09 | E48: 209.55 | F48: 562.68 | G48: 2223.45 | H48: 6804.73 | I48: 0 | J48: 0 | K48: 423.36 | L48: 2995.68 | M48: 10223.77 | N48: 89.18 | O48: 354.52 | P48: 9653.57 | Q48: 42.5 | R48: 0 | T48: 84 | U48: 10223.77 | V48: 0 | W48: 1799.04 | X48: 2506.88 | Y48: 5268.77 | Z48: 649.08
A49: Nov 17 - Nov 23 | B49: 364 | C49: 10559.6 | D49: 7664.56 | E49: 210.48 | F49: 322.35 | G49: 2362.21 | H49: 7503.75 | I49: 0 | J49: 0 | K49: 160.81 | L49: 2895.04 | M49: 10559.6 | N49: 162.12 | O49: 276.53 | P49: 9982.95 | Q49: 42 | R49: 0 | T49: 96 | U49: 10559.6 | V49: 0 | W49: 1551.11 | X49: 3168.65 | Y49: 5436.66 | Z49: 403.18
A50: Nov 24 - Nov 30 | B50: 427 | C50: 11965.45 | D50: 8443.59 | E50: 205.09 | F50: 334.27 | G50: 2982.5 | H50: 7946.71 | I50: 0 | J50: 0 | K50: 496.88 | L50: 3521.86 | M50: 11965.45 | N50: 282.24 | O50: 354.57 | P50: 11296.15 | Q50: 14.5 | R50: 0 | T50: 17.99 | U50: 11965.45 | V50: 0 | W50: 1261.66 | X50: 2835.7 | Y50: 6915.12 | Z50: 952.97
A51: Dec 01 - Dec 07 | B51: 354 | C51: 10538.43 | D51: 7191.91 | E51: 238.77 | F51: 319.2 | G51: 2788.55 | H51: 6861.67 | I51: 0 | J51: 0 | K51: 330.22 | L51: 3346.52 | M51: 10538.41 | N51: 184.86 | O51: 257.23 | P51: 10014.83 | Q51: 39.5 | R51: 0 | T51: 41.99 | U51: 10538.41 | V51: 0 | W51: 1341.26 | X51: 2803.83 | Y51: 5627 | Z51: 766.34
A52: Dec 08 - Dec 14 | B52: 340 | C52: 9132.06 | D52: 5423.94 | E52: 56.69 | F52: 343.8 | G52: 3307.63 | H52: 5187.34 | I52: 0 | J52: 0 | K52: 236.6 | L52: 3708.12 | M52: 9132.06 | N52: 74.05 | O52: 224.92 | P52: 8743.59 | Q52: 17.5 | R52: 0 | T52: 72 | U52: 9132.06 | V52: 0 | W52: 1585.12 | X52: 2453.53 | Y52: 4285.52 | Z52: 807.89
A53: Dec 15 - Dec 21 | B53: 342 | C53: 10394.72 | D53: 7228.19 | E53: 287.48 | F53: 367.69 | G53: 2511.36 | H53: 6753.23 | I53: 0 | J53: 0 | K53: 474.96 | L53: 3166.53 | M53: 10394.72 | N53: 128.31 | O53: 297.63 | P53: 9923.28 | Q53: 33.5 | R53: 0 | T53: 12 | U53: 10394.72 | V53: 44 | W53: 1478.05 | X53: 2320.07 | Y53: 5773.52 | Z53: 779.08
A54: Dec 22 - Dec 28 | B54: 405 | C54: 12852.93 | D54: 135.82 | E54: 202.3 | F54: 3601.31 | G54: 8913.5 | H54: 8559.86 | I54: 0 | J54: 0 | K54: 353.62 | L54: 3939.43 | M54: 12852.91 | N54: 78.25 | O54: 285.06 | P54: 12470.6 | Q54: 7 | R54: 0 | T54: 12 | U54: 12852.91 | V54: 0 | W54: 1268.54 | X54: 4038.41 | Y54: 6810.77 | Z54: 735.21
A55: Dec 29 - Jan 04 | B55: 385 | C55: 12810.18 | D55: 9079.56 | E55: 75.6 | F55: 141.6 | G55: 3513.42 | H55: 8401.13 | I55: 0 | J55: 0 | K55: 678.43 | L55: 3730.62 | M55: 12810.18 | N55: 83.15 | O55: 351.6 | P55: 12309.93 | Q55: 17.5 | R55: 0 | T55: 48 | U55: 12810.18 | V55: 0 | W55: 1588.65 | X55: 2528.75 | Y55: 8122.39 | Z55: 570.39
A56: Jan 05 - Jan 11 | B56: 310 | C56: 9128.11 | D56: 5883.24 | E56: 281.05 | F56: 172.07 | G56: 2791.75 | H56: 5675.49 | I56: 0 | J56: 0 | K56: 207.75 | L56: 3244.87 | M56: 9128.11 | N56: 169.21 | O56: 313.48 | P56: 8610.92 | Q56: 10.5 | R56: 0 | T56: 24 | U56: 9128.11 | V56: 0 | W56: 1132.33 | X56: 1835.99 | Y56: 5505.45 | Z56: 654.34
A57: Jan 12 - Jan 18 | B57: 319 | C57: 9305.44 | D57: 6888.94 | E57: 187.18 | F57: 275.5 | G57: 1953.82 | H57: 6604.13 | I57: 0 | J57: 0 | K57: 284.79 | L57: 2416.5 | M57: 9305.42 | N57: 110.72 | O57: 222.8 | P57: 8920.91 | Q57: 21 | R57: 0 | T57: 29.99 | U57: 9305.42 | V57: 0 | W57: 1236.82 | X57: 2218.61 | Y57: 5169.77 | Z57: 680.24
A58: Jan 19 - Jan 25 | B58: 280 | C58: 8084.09 | D58: 4874.67 | E58: 191.39 | F58: 174.4 | G58: 2843.63 | H58: 4671.96 | I58: 0 | J58: 0 | K58: 202.7 | L58: 3209.42 | M58: 8084.08 | N58: 96.13 | O58: 176.65 | P58: 7762.8 | Q58: 24.5 | R58: 0 | T58: 24 | U58: 8084.08 | V58: 0 | W58: 1201.98 | X58: 1569.43 | Y58: 5069.3 | Z58: 243.38
A59: Jan 26 - Feb 01 | B59: 310 | C59: 9998.38 | D59: 6859.64 | E59: 508.75 | F59: 310.27 | G59: 2319.72 | H59: 6406.96 | I59: 0 | J59: 0 | K59: 452.68 | L59: 3138.74 | M59: 9998.38 | N59: 225.78 | O59: 223.31 | P59: 9430.29 | Q59: 35 | R59: 0 | T59: 84 | U59: 9998.38 | V59: 181.46 | W59: 1725.07 | X59: 3100.41 | Y59: 4709.88 | Z59: 281.56
A60: Feb 02 - Feb 08 | B60: 325 | C60: 9231.47 | D60: 6603.93 | E60: 190.8 | F60: 171.33 | G60: 2265.41 | H60: 6317.36 | I60: 0 | J60: 0 | K60: 286.57 | L60: 2627.54 | M60: 9231.47 | N60: 111.93 | O60: 259.72 | P60: 8789.32 | Q60: 10.5 | R60: 0 | T60: 60 | U60: 9231.47 | V60: 0 | W60: 1683.56 | X60: 1882.81 | Y60: 5419.87 | Z60: 245.23
A61: Feb 09 - Feb 15 | B61: 355 | C61: 11125.16 | D61: 8156.99 | E61: 175.98 | F61: 384.06 | G61: 2408.13 | H61: 7883.85 | I61: 0 | J61: 0 | K61: 273.14 | L61: 2968.17 | M61: 11125.16 | N61: 167.5 | O61: 293.04 | P61: 10625.62 | Q61: 39 | R61: 0 | T61: 60 | U61: 11125.16 | V61: 0 | W61: 1700.3 | X61: 3001.36 | Y61: 6049.91 | Z61: 373.59
A62: Feb 16 - Feb 22 | B62: 285 | C62: 8579.51 | D62: 5611.71 | E62: 156.19 | F62: 171.9 | G62: 2639.71 | H62: 5359.49 | I62: 0 | J62: 0 | K62: 252.22 | L62: 2967.8 | M62: 8579.51 | N62: 57.96 | O62: 178.91 | P62: 8298.15 | Q62: 26.5 | R62: 0 | T62: 17.99 | U62: 8579.51 | V62: 0 | W62: 1426.63 | X62: 2880.83 | Y62: 3765.3 | Z62: 506.75
A63: Feb 23 - Mar 01 | B63: 317 | C63: 9120.43 | D63: 5696.3 | E63: 96.07 | F63: 702.15 | G63: 2625.91 | H63: 5575.48 | I63: 0 | J63: 0 | K63: 120.82 | L63: 3424.13 | M63: 9120.43 | N63: 157.9 | O63: 126.29 | P63: 8775.77 | Q63: 31.5 | R63: 10.98 | T63: 17.99 | U63: 9120.43 | V63: 0 | W63: 739.37 | X63: 4792.16 | Y63: 2854.14 | Z63: 734.76
A64: Mar 02 - Mar 08 | B64: 302 | C64: 8559.67 | D64: 5569.37 | E64: 233.21 | F64: 538.9 | G64: 2218.19 | H64: 5425.57 | I64: 0 | J64: 0 | K64: 143.8 | L64: 2990.3 | M64: 8559.67 | N64: 288.21 | O64: 154.7 | P64: 8000.66 | Q64: 88.5 | R64: 0 | S64: 3.6 | T64: 24 | U64: 8559.67 | V64: 0 | W64: 591.44 | X64: 4432.76 | Y64: 2945.6 | Z64: 589.87
A65: Mar 09 - Mar 15 | B65: 316 | C65: 9796.41 | D65: 5952.67 | E65: 108.85 | F65: 384.14 | G65: 3350.75 | H65: 5801.42 | I65: 0 | J65: 0 | K65: 151.26 | L65: 3843.74 | M65: 9796.42 | N65: 95.57 | O65: 101.38 | P65: 9552.57 | Q65: 32.5 | R65: 0 | S65: 14.4 | T65: 0 | U65: 9796.42 | V65: 0 | W65: 392.25 | X65: 3003.61 | Y65: 5992.91 | Z65: 407.64
A66: Mar 16 - Mar 22 | B66: 349 | C66: 11351.4 | D66: 7770.23 | E66: 70.11 | F66: 330.16 | G66: 3180.9 | H66: 7510.84 | I66: 0 | J66: 0 | K66: 259.39 | L66: 3581.17 | M66: 11351.4 | N66: 136.73 | O66: 237.64 | P66: 10948.93 | Q66: 24.5 | S66: 3.6 | U66: 11351.4 | V66: 0 | W66: 1135.05 | X66: 2922.77 | Y66: 6788.89 | Z66: 504.69
A67: Mar 23 - Mar 29 | B67: 315 | C67: 8426.4 | D67: 5803.36 | E67: 261.76 | F67: 302.05 | G67: 2059.23 | H67: 5559.02 | I67: 0 | J67: 0 | K67: 244.34 | L67: 2623.04 | M67: 8426.4 | N67: 118.42 | O67: 166.3 | P67: 8075.59 | Q67: 21 | R67: 5.49 | S67: 3.6 | T67: 36 | U67: 8426.4 | V67: 0 | W67: 1320.59 | X67: 1497.85 | Y67: 5288.3 | Z67: 319.66
A68: Mar 30 - Apr 05 | B68: 346 | C68: 10281.43 | D68: 6564.91 | E68: 124.8 | F68: 508.32 | G68: 3083.4 | H68: 6250.37 | I68: 0 | J68: 0 | K68: 314.52 | L68: 3716.52 | M68: 10281.41 | N68: 127.74 | O68: 277.93 | P68: 9833.14 | Q68: 39 | R68: 0 | S68: 3.6 | T68: 0 | U68: 10281.41 | V68: 0 | W68: 1880.33 | X68: 2260.45 | Y68: 5808.25 | Z68: 332.4
A69: Apr 06 - Apr 12 | B69: 330 | C69: 9224.03 | D69: 5621.08 | E69: 116.55 | F69: 212.1 | G69: 3274.3 | H69: 5104.32 | I69: 0 | J69: 0 | K69: 516.76 | L69: 3602.95 | M69: 9224.03 | N69: 173.89 | O69: 251.41 | P69: 8780.73 | Q69: 18 | R69: 0 | T69: 0 | U69: 9224.03 | V69: 0 | W69: 1626.79 | X69: 2442.74 | Y69: 4720.56 | Z69: 433.94
A70: Apr 13 - Apr 19 | B70: 285 | C70: 8802.25 | D70: 5794.76 | E70: 93.59 | F70: 240.98 | G70: 2672.92 | H70: 5529.46 | I70: 0 | J70: 0 | K70: 265.3 | L70: 3007.49 | M70: 8802.25 | N70: 96.73 | O70: 196.25 | P70: 8502.16 | Q70: 3.5 | R70: 0 | S70: 3.6 | T70: 0 | U70: 8802.24 | V70: 0 | W70: 987.72 | X70: 1955.35 | Y70: 5495.82 | Z70: 363.36
A71: Apr 20 - Apr 26 | B71: 267 | C71: 7626.34 | D71: 4612.74 | E71: 61.37 | F71: 378.76 | G71: 2573.47 | H71: 4465.76 | I71: 0 | J71: 0 | K71: 146.98 | L71: 3013.6 | M71: 7626.34 | N71: 64.56 | O71: 225.58 | P71: 7304.2 | Q71: 14 | R71: 0 | S71: 18 | T71: 0 | U71: 7626.34 | V71: 0 | W71: 781.79 | X71: 2301.55 | Y71: 4068.42 | Z71: 474.58
A72: Apr 27 - May 03 | B72: 301 | C72: 8714.61 | D72: 5886.52 | E72: 143.13 | F72: 228.97 | G72: 2455.99 | H72: 5734.02 | I72: 0 | J72: 0 | K72: 152.5 | L72: 2828.09 | M72: 8714.61 | N72: 107.55 | O72: 196.15 | P72: 8365.2 | Q72: 16 | R72: 20 | S72: 9.7 | U72: 8714.6 | V72: 0 | W72: 1117.54 | X72: 1791.75 | Y72: 5404.16 | Z72: 401.16
A73: May 4 - May 10 | B73: 344 | C73: 9754.83 | D73: 7064.21 | E73: 26.38 | F73: 343.65 | G73: 2320.59 | H73: 6887.72 | I73: 0 | J73: 0 | K73: 176.49 | L73: 2690.62 | M73: 9754.83 | N73: 479.73 | O73: 346.14 | P73: 8798.46 | Q73: 40.5 | R73: 90 | U73: 9754.83 | V73: 0 | W73: 1302.07 | X73: 2184.51 | Y73: 5726.98 | Z73: 541.27
A74: May 11 - May 17 | B74: 306 | C74: 8136.72 | D74: 5798.02 | E74: 68.4 | F74: 522.56 | G74: 1747.74 | H74: 5709.86 | I74: 0 | J74: 0 | K74: 88.16 | L74: 2338.7 | M74: 8136.72 | N74: 91.15 | O74: 236.98 | P74: 7740.5 | Q74: 51 | R74: 13.47 | S74: 3.6 | U74: 8136.7 | V74: 0 | W74: 1425.65 | X74: 1713.85 | Y74: 4629.34 | Z74: 367.88
A75: May 18 - May 24 | B75: 302 | C75: 9698.12 | D75: 6969.83 | E75: 83.16 | F75: 367.88 | G75: 2277.25 | H75: 6880.17 | I75: 0 | J75: 0 | K75: 89.66 | L75: 2728.29 | M75: 9698.12 | N75: 52.96 | O75: 208.03 | P75: 9409.66 | R75: 27.47 | U75: 9698.12 | V75: 0 | W75: 1647.22 | X75: 1844.13 | Y75: 5814.28 | Z75: 392.49
A76: May 25 - May 31 | B76: 275 | C76: 9049.3 | D76: 6214.83 | E76: 158.35 | F76: 363.29 | G76: 2312.83 | H76: 6134.86 | I76: 0 | J76: 0 | K76: 79.97 | L76: 2834.47 | M76: 9049.3 | N76: 49.98 | O76: 219.64 | P76: 8721.49 | Q76: 36.5 | R76: 14.48 | S76: 7.2 | U76: 9049.29 | V76: 0 | W76: 1004.29 | X76: 1722.44 | Y76: 5922.26 | Z76: 400.31

Sheet Queen St.
B1: Sales by Sections | H1: Sales by Order Type | N1: Sales by Category (Net Sales) | V1: Daily and Hourly Sales (TBD)
B2: Total Bill Count | C2: Net Sales | D2: Remaining | E2: Skip | F2: DD | G2: Uber | H2: Take Out | I2: Delivey | J2: Bar Tab | K2: Dine-In | L2: Online Order | M2: Net Sales | N2: Chickentarian | O2: Drinks | P2: Food (Pizza K) | Q2: Food Court | R2: Smash Ox Burger | S2: Kabab Wala | T2: Uncategorized | U2: Net Sales | V2: 8AM - 11AM | W2: 11AM - 3PM | X2: 3PM - 6PM | Y2: 6PM - 11PM | Z2: 11PM-7AM
A3: Dec 30 - Jan 05 2025
A4: Jan 06 - Jan 12 2025
A5: Jan 13 - Jan 19 2025
A6: Jan 20 - Jan 26 2025
A7: Jan 27 - Feb 02 2025
A8: Feb 03 - Feb 09 2025 | C8: 10840.92 | D8: 3046.85 | E8: 191.24 | F8: 1554.46 | G8: 6048.37 | H8: 1432.02 | I8: 0 | J8: 28.79 | K8: 1586.04 | L8: 7794.07 | M8: 10840.92 | N8: 0 | O8: 399.27 | P8: 10186.81 | Q8: 70 | R8: 184.84 | T8: 0 | U8: 10840.92
A9: Feb 10 - Feb 16 2025 | C9: 10856.06 | D9: 3813.2 | E9: 258.86 | F9: 1318.63 | G9: 5465.37 | H9: 1647.2 | I9: 0 | J9: 0 | K9: 2166 | L9: 7042.86 | M9: 10856.06 | N9: 0 | O9: 369.47 | P9: 10277.53 | Q9: 45.18 | R9: 163.88 | T9: 0 | U9: 10856.06 | V9: 0 | W9: 1688.16 | X9: 1548.24 | Y9: 5784.45 | Z9: 1835.21
A10: Feb 17 - Feb 23 2025 | C10: 11895.53 | D10: 3713.38 | E10: 144.94 | F10: 1470.88 | G10: 6566.33 | H10: 1387.75 | I10: 0 | J10: 0 | K10: 2325.63 | L10: 8182.15 | M10: 11895.53 | N10: 0 | O10: 436.45 | P10: 11272.22 | Q10: 25.5 | R10: 161.36 | T10: 0 | U10: 11895.53 | V10: 0 | W10: 1761.37 | X10: 2413.09 | Y10: 5807.32 | Z10: 1913.75
A11: Feb 24 - Mar 02 2025 | C11: 11286.22 | D11: 3365.12 | E11: 325.87 | F11: 1385.13 | G11: 6210.1 | H11: 1609.41 | I11: 0 | J11: 0 | K11: 1755.73 | L11: 7921.1 | M11: 11286.24 | N11: 0 | O11: 373.33 | P11: 10723.62 | Q11: 54.49 | R11: 134.8 | T11: 0 | U11: 11286.24 | V11: 0 | W11: 1373.84 | X11: 2331.06 | Y11: 5657.38 | Z11: 1923.94
A12: Mar 03 - Mar 09 2025 | C12: 10890.91 | D12: 2763.72 | E12: 141.2 | F12: 1103.87 | G12: 6882.12 | H12: 1053.7 | I12: 0 | J12: 0 | K12: 1710.02 | L12: 8127.19 | M12: 10890.91 | N12: 0 | O12: 279.03 | P12: 10421.11 | Q12: 30.59 | R12: 160.18 | T12: 0 | U12: 10890.91 | V12: 0 | W12: 984.49 | X12: 3009.71 | Y12: 4541.75 | Z12: 2354.96
A13: Mar 10 - Mar 16 2025 | C13: 11535.86 | D13: 3579.99 | E13: 241.88 | F13: 1197.78 | G13: 6516.21 | H13: 1229.83 | I13: 0 | J13: 0 | K13: 2350.16 | L13: 7955.87 | M13: 11535.86 | N13: 0 | O13: 432.7 | P13: 10753.3 | Q13: 69.5 | R13: 280.36 | T13: 0 | U13: 11535.86 | V13: 0 | W13: 833.9 | X13: 1562.58 | Y13: 6409.37 | Z13: 2730.01
A14: Mar 17 - Mar 23 2025 | C14: 13157.07 | D14: 4509.91 | E14: 419.45 | F14: 1168.6 | G14: 7059.11 | H14: 1329.04 | I14: 0 | J14: 0 | K14: 3180.91 | L14: 8647.16 | M14: 13157.11 | N14: 0 | O14: 396.04 | P14: 12261.62 | Q14: 59.11 | R14: 440.34 | T14: 0 | U14: 13157.11 | V14: 0 | W14: 944.68 | X14: 1881.78 | Y14: 7458.51 | Z14: 2872.1
A15: Mar 24 - Mar 30 2025 | C15: 13753.42 | D15: 3955.85 | E15: 247.58 | F15: 1820.72 | G15: 7729.27 | H15: 1184.92 | I15: 0 | J15: 8.85 | K15: 2762.08 | L15: 9797.57 | M15: 13753.42 | N15: 0 | O15: 444.67 | P15: 12954.59 | Q15: 30.09 | R15: 324.07 | T15: 0 | U15: 13753.42 | V15: 0 | W15: 469.05 | X15: 2162.55 | Y15: 8676.39 | Z15: 2445.43
A16: March 31 - April 6 | C16: 10700.22 | D16: 3779.47 | E16: 149.6 | F16: 1433.27 | G16: 5337.88 | H16: 1316.79 | I16: 0 | J16: 0 | K16: 2462.68 | L16: 6920.75 | M16: 10700.22 | N16: 0 | O16: 502.35 | P16: 9978.52 | Q16: 61.68 | R16: 157.67 | T16: 0 | U16: 10700.22 | V16: 1689.72 | W16: 5728.37 | X16: =2335.86+946.27
A17: April 7 - April 13 | C17: 11888.1 | D17: 3535.88 | E17: 330.28 | F17: 1380.22 | G17: 6641.72 | H17: 1476.21 | I17: 0 | J17: 0 | K17: 2059.67 | L17: 8352.22 | M17: 11888.1 | N17: 52.96 | O17: 413.44 | P17: 11093.11 | Q17: 51 | R17: 277.59 | T17: 0 | U17: 11888.1 | V17: 0 | W17: 1652.89 | X17: 2176.33 | Y17: 6082.55 | Z17: =1053.02+923.31
A18: April 14 - April 20 | C18: 12511.91 | D18: 3757.69 | E18: 151.2 | F18: 1978.17 | G18: 6624.85 | H18: 1588.07 | I18: 0 | J18: 0 | K18: 2169.62 | L18: 8754.22 | M18: 12511.91 | N18: 136 | O18: 484.71 | P18: 11591.38 | Q18: 54.09 | R18: 245.73 | T18: 0 | U18: 12511.91 | V18: 0 | W18: 2091.3 | X18: 1687.05 | Y18: 6661.67 | Z18: 2071.96
A19: Apr 21 - Apr 27 | C19: 12513.03 | D19: 4046.75 | E19: 338.98 | F19: 1511.3 | G19: 6616 | H19: 1592.79 | I19: 0 | J19: 0 | K19: 2453.96 | L19: 8466.28 | M19: 12513.03 | N19: 83.44 | O19: 473.6 | P19: 11592.68 | Q19: 89 | R19: 274.31 | T19: 0 | U19: 12513.03 | V19: 0 | W19: 1878.95 | X19: 1856.46 | Y19: 6058.13 | Z19: 2719.49
A20: Apr 28 - May 4 | C20: 14143.37 | D20: 5084.33 | E20: 264.78 | F20: 1538.62 | G20: 7255.64 | H20: 2186.29 | I20: 0 | J20: 1.25 | K20: 2896.83 | L20: 9059.04 | M20: 14143.41 | N20: 141.39 | O20: 568.72 | P20: 13157.95 | Q20: 75 | R20: 200.35 | T20: 0 | U20: 14143.41 | V20: 0 | W20: 1649.47 | X20: 2201.88 | Y20: 7481.45 | Z20: 2810.57
A21: May 5 - May 11 | C21: 13618.49 | D21: 4056.91 | E21: 375.69 | F21: 2037.02 | G21: 7148.87 | H21: 1811.93 | I21: 0 | J21: 0 | K21: 2244.98 | L21: 9561.58 | M21: 13618.49 | N21: 88.55 | O21: 442.65 | P21: 12693 | Q21: 95.5 | R21: 298.79 | T21: 0 | U21: 13618.49 | V21: 0 | W21: 1953.17 | X21: 2397.28 | Y21: 6882.22 | Z21: 2385.82
A22: May 12 - May 18 | C22: 12877.68 | D22: 4131.83 | E22: 369.6 | F22: 1855.22 | G22: 6521.03 | H22: 1575.49 | I22: 0 | J22: 0 | K22: 2556.34 | L22: 8745.85 | M22: 12877.68 | N22: 83.94 | O22: 421.12 | P22: 12068.82 | Q22: 44 | R22: 259.8 | T22: 0 | U22: 12877.68 | V22: 0 | W22: 1761.41 | X22: 1765.64 | Y22: 6641.11 | Z22: 2709.52
A23: May 19 - May 25 | C23: 13643.37 | D23: 3511.71 | E23: 186.97 | F23: 2082.91 | G23: 7861.78 | H23: 1473.4 | I23: 0 | J23: 0 | K23: 2038.31 | L23: 10131.66 | M23: 13643.37 | N23: 41.97 | O23: 401.66 | P23: 12941.25 | Q23: 8 | R23: 250.49 | T23: 0 | U23: 13643.37 | V23: 0 | W23: 2402.94 | X23: 2312.14 | Y23: 6211.96 | Z23: 2716.33
A24: May 26 - Jun 01 | C24: 12886.76 | D24: 4188.9 | E24: 311.05 | F24: 1659.35 | G24: 6727.46 | H24: 1589.64 | I24: 0 | J24: 0 | K24: 2599.26 | L24: 8697.86 | M24: 12886.76 | N24: 55.96 | O24: 441 | P24: 11926.64 | Q24: 64.09 | R24: 399.07 | T24: 0 | U24: 12886.76 | V24: 0 | W24: 2243.78 | X24: 2327.35 | Y24: 6257.18 | Z24: 2058.45
A25: Jun 02 - Jun 08 | C25: 12956.18 | D25: 3756.92 | E25: 162.3 | F25: 1535.15 | G25: 7501.81 | H25: 1471.46 | I25: 0 | J25: 0 | K25: 2285.48 | L25: 9199.26 | M25: 12956.2 | N25: 37.97 | O25: 429.94 | P25: 12264.94 | Q25: 7.5 | R25: 215.85 | T25: 0 | U25: 12956.2 | V25: 0 | W25: 2068.57 | X25: 1982.83 | Y25: 6743.42 | Z25: 2161.36
A26: Jun 09 - Jun 15 | C26: 14232.26 | D26: 4461.48 | E26: 424.48 | F26: 1637.19 | G26: 7709.11 | H26: 1706.26 | I26: 0 | J26: 0 | K26: 2755.22 | L26: 9770.78 | M26: 14232.26 | N26: 82.94 | O26: 411.13 | P26: 13351.28 | Q26: 3.5 | R26: 383.41 | T26: 0 | U26: 14232.26 | V26: 0 | W26: 1723.77 | X26: 1680.14 | Y26: 8245.25 | Z26: 2583.1
A27: Jun 16 - Jun 22 | C27: 14632.14 | D27: 4942.68 | E27: 177.18 | F27: 1703.43 | G27: 7808.85 | H27: 2012.01 | I27: 0 | J27: 0 | K27: 2930.67 | L27: 9689.46 | M27: 14632.14 | N27: 91.93 | O27: 525.79 | P27: 13784.7 | Q27: 7 | R27: 222.72 | T27: 0 | U27: 14632.14 | V27: 0 | W27: 1819.66 | X27: 1968.68 | Y27: 8299.29 | Z27: 2544.52
A28: Jun 23 - Jun 29 | C28: 13312.48 | D28: 4305.79 | E28: 137.19 | F28: 2011.49 | G28: 6858.01 | H28: 1942.93 | I28: 0 | J28: 0 | K28: 2362.86 | L28: 9006.69 | M28: 13312.48 | N28: 101.62 | O28: 496.42 | P28: 12619.51 | Q28: 11 | R28: 83.93 | T28: 0 | U28: 13312.48 | V28: 0 | W28: 2469.99 | X28: 1553.32 | Y28: 6767.03 | Z28: 2522.14
A29: Jun 30 - Jul 06 | C29: 15865.18 | D29: 5143.43 | E29: 235.46 | F29: 2363.68 | G29: 8122.61 | H29: 1992.61 | I29: 0 | J29: 0 | K29: 3150.82 | L29: 10721.75 | M29: 15865.18 | N29: 137.41 | O29: 601.34 | P29: 14889.12 | Q29: 12 | R29: 225.31 | T29: 0 | U29: 15865.18 | V29: 0 | W29: 2588.02 | X29: 2254.45 | Y29: 7750.77 | Z29: 3271.94
... A44: Oct 13 - Oct 19 | C44: 14616.12 | D44: 4897.89 | E44: 285.84 | F44: 2361.54 | G44: 7070.85 | H44: 2587.09 | I44: 0 | J44: 0 | K44: 2310.8 | L44: 9718.23 | M44: 14616.12 | N44: 155.28 | O44: 463.69 | P44: 13861.94 | Q44: 10.5 | R44: 112.71 | T44: 12 | U44: 14616.12 | V44: 0 | W44: 2257.59 | X44: 2549.16 | Y44: 7366.81 | Z44: 2442.56
A45: Oct 20 - Oct 26 | B45: 555 | C45: 16085.22 | D45: 4864.93 | E45: 268.54 | F45: 2891.47 | G45: 8060.28 | H45: 8060.28 | I45: 0 | J45: 31.5 | K45: 2166.9 | L45: 11220.29 | M45: 16085.22 | N45: 416.92 | O45: 425.83 | P45: 14905.43 | Q45: 32.37 | R45: 292.67 | T45: 12 | U45: 16085.22 | V45: 0 | W45: 1607.3 | X45: 2799.97 | Y45: 9424.38 | Z45: 2253.57
A46: Oct 27 - Nov 02 | B46: 646 | C46: 19146.18 | D46: 5857.52 | E46: 682.53 | F46: 2155.16 | G46: 10450.97 | H46: 3350.64 | I46: 0 | J46: 0 | K46: 2506.92 | L46: 13288.66 | M46: 19146.19 | N46: 498.69 | O46: 676.47 | P46: 17460.72 | Q46: 3.5 | R46: 470.81 | T46: 36 | U46: 19146.19 | V46: 0 | W46: 3024.05 | X46: 2845.73 | Y46: 9449.46 | Z46: 3826.94
A47: Nov 03 - Nov 09 | B47: 472 | C47: 14414.4 | D47: 4023.23 | E47: 176.3 | F47: 1988.43 | G47: 8226.44 | H47: 2405.84 | I47: 0 | J47: 15 | K47: 1602.38 | L47: 10391.17 | M47: 14414.39 | N47: 401.45 | O47: 426.37 | P47: 13127.63 | Q47: 26.68 | R47: 402.27 | T47: 29.99 | U47: 14414.39 | V47: 539 | W47: 2579.82 | X47: 2224.88 | Y47: 7129.23 | Z47: 1941.47
A48: Nov 10 - Nov 16 | B48: 583 | C48: 16282.4 | D48: 5185.84 | E48: 333.54 | F48: 2764.88 | G48: 7998.14 | H48: 3231.88 | I48: 0 | J48: 48.5 | K48: 1905.47 | L48: 11096.56 | M48: 16282.41 | N48: 363.17 | O48: 441.05 | P48: 15217.37 | Q48: 22 | R48: 238.82 | U48: 16282.41 | V48: 0 | W48: 2638.1 | X48: 2834.79 | Y48: 8380.86 | Z48: 2428.65
A49: Nov 17 - Nov 23 | B49: 551 | C49: 16411.18 | D49: 4361.81 | E49: 336.43 | F49: 2789.42 | G49: 8923.52 | H49: 2442.88 | I49: 0 | J49: 0 | K49: 1918.92 | L49: 12049.37 | M49: 16411.17 | N49: 463.1 | O49: 463.02 | P49: 15138.28 | Q49: 18.5 | R49: 286.28 | T49: 41.99 | U49: 16411.17 | V49: 6.99 | W49: 2397.55 | X49: 2571.68 | Y49: 9282.48 | Z49: 2152.48
A50: Nov 24 - Nov 30 | B50: 517 | C50: 15736.51 | D50: 4182.18 | E50: 293.19 | F50: 2856.44 | G50: 8404.7 | H50: 2253.39 | I50: 0 | J50: 0 | K50: 1928.79 | L50: 11554.33 | M50: 15736.51 | N50: 447.83 | O50: 439.32 | P50: 14550.4 | Q50: 5.89 | R50: 275.08 | T50: 17.99 | U50: 15736.51 | V50: 0 | W50: 1902.04 | X50: 2980.77 | Y50: 8436.28 | Z50: 2417.42
A51: Dec 01 - Dec 07 | B51: 527 | C51: 17534.8 | D51: 3355.88 | E51: 239.48 | F51: 2668.25 | G51: 11271.19 | H51: 2046.67 | I51: 0 | J51: 0 | K51: 1309.21 | L51: 14178.92 | M51: 17534.8 | N51: 548.65 | O51: 452.1 | P51: 16267.16 | Q51: 15.59 | R51: 227.3 | T51: 24 | U51: 17534.8 | V51: 0 | W51: 3551.29 | X51: 3039.99 | Y51: 9028.56 | Z51: 1914.96
A52: Dec 08 - Dec 14 | B52: 503 | C52: 15700.42 | D52: 4130.92 | E52: 337.92 | F52: 2475.19 | G52: 8756.39 | H52: 2638.84 | I52: 0 | J52: 0 | K52: 1492.08 | L52: 11569.5 | M52: 15700.42 | N52: 255.11 | O52: 393.79 | P52: 14619.93 | Q52: 2.39 | R52: 417.2 | T52: 12 | U52: 15700.42 | V52: 0 | W52: 2335.76 | X52: 2591.66 | Y52: 8895.69 | Z52: 1877.31
A53: Dec 15 - Dec 21 | B53: 603 | C53: 18287.58 | D53: 4828.2 | E53: 444.34 | F53: 3392.98 | G53: 9622.06 | H53: 2850.34 | I53: 0 | J53: 0 | K53: 1977.86 | L53: 13459.38 | M53: 18287.58 | N53: 414.34 | O53: 504.28 | P53: 16963.75 | Q53: 16 | R53: 359.22 | T53: 29.99 | U53: 18287.58 | V53: 0 | W53: 2937.99 | X53: 2785.57 | Y53: 10049.86 | Z53: 2514.16
A54: Dec 22 - Dec 28 | B54: 598 | C54: 19207.39 | D54: 550.96 | E54: 3326.17 | F54: 10219.81 | G54: 5110.45 | H54: 3068.18 | I54: 0 | J54: 0 | K54: 2042.26 | L54: 14096.94 | M54: 19207.38 | N54: 495.39 | O54: 587.79 | P54: 17834.62 | Q54: 8.5 | R54: 269.08 | T54: 12 | U54: 19207.38 | V54: 0 | W54: 2770.12 | X54: 3399.81 | Y54: 10203.67 | Z54: 2833.79
A55: Dec 29 - Jan 04 | B55: 673 | C55: 21062.7 | D55: 5611.34 | E55: 289.97 | F55: 2908.89 | G55: 12252.5 | H55: 3274 | I55: 0 | J55: 0 | K55: 2337.34 | L55: 15451.36 | M55: 21062.7 | N55: 645.06 | O55: 519.3 | P55: 19488.44 | Q55: 8.5 | R55: 371.41 | T55: 29.99 | U55: 21062.7 | V55: 0 | W55: 2500.15 | X55: 3346.05 | Y55: 10570.2 | Z55: 4646.3
A56: Jan 05 - Jan 11 | B56: 520 | C56: 15596.32 | D56: 4027.45 | E56: 304.4 | F56: 2650.29 | G56: 8614.18 | H56: 2306.75 | I56: 0 | J56: 0 | K56: 1720.67 | L56: 11568.87 | M56: 15596.29 | N56: 399.86 | O56: 369.09 | P56: 14418.84 | Q56: 3.5 | R56: 375.01 | T56: 29.99 | U56: 15596.29 | V56: 0 | W56: 1736.59 | X56: 2669.05 | Y56: 8921.86 | Z56: 2268.82
A57: Jan 12 - Jan 18 | B57: 535 | C57: 15755.66 | D57: 3847.33 | E57: 206.04 | F57: 2793.87 | G57: 8908.42 | H57: 2209.07 | I57: 0 | J57: 0 | K57: 1638.25 | L57: 11908.33 | M57: 15755.65 | N57: 454.13 | O57: 399.81 | P57: 14655.07 | Q57: 23.5 | R57: 199.14 | T57: 24 | U57: 15755.65 | V57: 0 | W57: 2110.84 | X57: 2500.45 | Y57: 8854.25 | Z57: 2290.12
A58: Jan 19 - Jan 25 | B58: 523 | C58: 16471.79 | D58: 3305.09 | E58: 382.33 | F58: 3515.47 | G58: 9268.9 | H58: 2210.98 | I58: 0 | J58: 0 | K58: 1094.11 | L58: 13166.7 | M58: 16471.79 | N58: 398.95 | O58: 458.3 | P58: 15252.3 | Q58: 29.5 | R58: 320.74 | T58: 12 | U58: 16471.79 | V58: 0 | W58: 1821.95 | X58: 3499.73 | Y58: 9465.84 | Z58: 1684.27
A59: Jan 26 - Feb 01 | B59: 552 | C59: 17620.16 | D59: 4598.74 | E59: 504.36 | F59: 3179.34 | G59: 9337.72 | H59: 2304.27 | I59: 0 | J59: 0 | K59: 2294.47 | L59: 13021.42 | M59: 17620.16 | N59: 278.01 | O59: 471.71 | P59: 16584.67 | Q59: 0 | R59: 279.78 | T59: 5.99 | U59: 17620.16 | V59: 0 | W59: 2513.35 | X59: 3774.3 | Y59: 10082.71 | Z59: 1249.8
A60: Feb 02 - Feb 08 | B60: 524 | C60: 16752.89 | D60: 4242.85 | E60: 477.89 | F60: 2710.88 | G60: 9321.27 | H60: 2246.71 | I60: 0 | J60: 0 | K60: 1996.14 | L60: 12510.04 | M60: 16752.89 | N60: 431.23 | O60: 449.75 | P60: 15478.79 | Q60: 4 | R60: 365.12 | T60: 24 | U60: 16752.89 | V60: 0 | W60: 2749.69 | X60: 3749.2 | Y60: 8479.73 | Z60: 1774.27
A61: Feb 09 - Feb 15 | B61: 567 | C61: 17757.49 | D61: 5128.11 | E61: 373.34 | F61: 3874 | G61: 8382.04 | H61: 2848.39 | I61: 0 | J61: 0 | K61: 2279.71 | L61: 12629.38 | M61: 17757.48 | N61: 369.37 | O61: 769.58 | P61: 16249.88 | Q61: 8 | R61: 342.66 | T61: 17.99 | U61: 17757.48 | V61: 191.5 | W61: 3347.71 | X61: 2651.2 | Y61: 8720.97 | Z61: 2846.11
A62: Feb 16 - Feb 22 | B62: 502 | C62: 15221.08 | D62: 4454.4 | E62: 406 | F62: 2533.52 | G62: 7827.16 | H62: 2863.88 | I62: 0 | J62: 0 | K62: 1590.52 | L62: 10766.68 | M62: 15221.08 | N62: 341.17 | O62: 368.38 | P62: 14052.07 | Q62: 3.5 | R62: 443.96 | T62: 12 | U62: 15221.08 | V62: 330.19 | W62: 1850.44 | X62: 3876.3 | Y62: 6743.37 | Z62: 2420.78
A63: Feb 23 - Mar 01 | B63: 516 | C63: 14981.57 | D63: 3577.18 | E63: 211.32 | F63: 2833.46 | G63: 8359.61 | H63: 2112.02 | I63: 0 | J63: 0 | K63: 1465.16 | L63: 11404.39 | M63: 14981.57 | N63: 296.92 | O63: 368.79 | P63: 13997.38 | Q63: 15 | R63: 303.48 | U63: 14981.57 | V63: 0 | W63: 1883.57 | X63: 3178.23 | Y63: 7884.54 | Z63: 2035.23
A64: Mar 02 - Mar 08 | B64: 520 | C64: 15899.01 | D64: 3850.88 | E64: 513.71 | F64: 2919.66 | G64: 8614.76 | H64: 2155.29 | I64: 0 | J64: 21.25 | K64: 1674.33 | L64: 12048.13 | M64: 15899 | N64: 226.33 | O64: 425.29 | P64: 15005.54 | Q64: 0 | R64: 241.84 | U64: 15899 | V64: 0 | W64: 1601.34 | X64: 4203.81 | Y64: 8127.89 | Z64: 1965.97
A65: Mar 09 - Mar 15 | B65: 501 | C65: 15308.32 | D65: 4091.21 | E65: 314.74 | F65: 2842.76 | G65: 8059.61 | H65: 2418.97 | I65: 0 | J65: 0 | K65: 1672.24 | L65: 11217.11 | M65: 15308.32 | N65: 132.29 | O65: 322.73 | P65: 14528.73 | Q65: 4 | R65: 308.57 | T65: 12 | U65: 15308.32 | V65: 0 | W65: 1561.82 | X65: 2757.13 | Y65: 8794.26 | Z65: 2195.11
A66: Mar 16 - Mar 22 | B66: 511 | C66: 16675.07 | D66: 3829.3 | E66: 271.45 | F66: 2129.81 | G66: 10444.51 | H66: 2176.94 | I66: 0 | J66: 0 | K66: 1652.36 | L66: 12845.77 | M66: 16675.07 | N66: 239.85 | O66: 338.68 | P66: 15702.58 | Q66: 12 | R66: 369.96 | T66: 12 | U66: 16675.07 | V66: 0 | W66: 2102.8 | X66: 3216.05 | Y66: 8973.44 | Z66: 2382.78
A67: Mar 23 - Mar 29 | B67: 562 | C67: 18516.18 | D67: 5526.11 | E67: 321.08 | F67: 2961.97 | G67: 9707.02 | H67: 3133.54 | I67: 0 | J67: 0 | K67: 2392.57 | L67: 12990.07 | M67: 18516.18 | N67: 270.02 | O67: 456.54 | P67: 17585.07 | Q67: 3.5 | R67: 201.05 | T67: 0 | U67: 18516.18 | V67: 0 | W67: 2763.72 | X67: 2658.6 | Y67: 10516.59 | Z67: 2577.27
A68: Mar 30 - Apr 05 | B68: 560 | C68: 17025.96 | D68: 4792.39 | E68: 319.04 | F68: 2792.08 | G68: 9122.45 | H68: 2344.78 | I68: 0 | J68: 0 | K68: 2447.6 | L68: 12233.57 | M68: 17025.95 | N68: 336.27 | O68: 510.75 | P68: 15761.73 | Q68: 22.39 | R68: 344.83 | S68: 49.98 | T68: 0 | U68: 17025.95 | V68: 0 | W68: 2974.91 | X68: 2714.06 | Y68: 8806.87 | Z68: 2530.12
A69: Apr 06 - Apr 12 | B69: 554 | C69: 16376.7 | D69: 4552.16 | E69: 207 | F69: 2981.46 | G69: 8636.08 | H69: 2427.86 | I69: 0 | J69: 25.49 | K69: 2098.81 | L69: 11824.54 | M69: 16376.7 | N69: 256.44 | O69: 407.77 | P69: 15229.63 | Q69: 27.59 | R69: 455.27 | U69: 16376.7 | V69: 0 | W69: 2487.67 | X69: 2664.85 | Y69: 8668.12 | Z69: 2578.56
A70: Apr 13 - Apr 19 | B70: 566 | C70: 16400.84 | D70: 4919.09 | E70: 88.04 | F70: 2763.67 | G70: 8630.04 | H70: 2348.83 | I70: 0 | J70: 39.75 | K70: 2530.51 | L70: 11481.75 | M70: 16400.84 | N70: 303.58 | O70: 454.89 | P70: 15143.6 | Q70: 9 | R70: 489.77 | U70: 16400.84 | V70: 0 | W70: 2081.34 | X70: 2730.03 | Y70: 9503.58 | Z70: 2085.89
A71: Apr 20 - Apr 26 | B71: 552 | C71: 17021.79 | D71: 4501.84 | E71: 324.65 | F71: 3050.9 | G71: 9144.4 | H71: 2402.41 | I71: 0 | J71: 121.99 | K71: 1977.44 | L71: 12519.95 | M71: 17021.79 | N71: 269.02 | O71: 406.33 | P71: 16036.13 | Q71: 24 | R71: 286.31 | S71: 0 | T71: 0 | U71: 17021.79 | V71: 0 | W71: 2278.11 | X71: 2868 | Y71: 9641.49 | Z71: 2234.19
A72: Apr 27 - May 03 | B72: 558 | C72: 16696.35 | D72: 5758.91 | E72: 132.51 | F72: 2154.92 | G72: 8650.01 | H72: 2538.48 | I72: 0 | J72: 133.97 | K72: 3086.46 | L72: 10937.44 | M72: 16696.35 | N72: 309.96 | O72: 491.45 | P72: 15612.18 | Q72: 35.04 | R72: 247.71 | S72: 0 | T72: 0 | U72: 16696.34 | V72: 0 | W72: 2790.44 | X72: 2605.45 | Y72: 8864.14 | Z72: 2436.32
A73: May 4 - May 10 | B73: 562 | C73: 17719.41 | D73: 5868.17 | E73: 244.16 | F73: 3123.83 | G73: 8483.25 | H73: 3106.79 | I73: 0 | J73: 287.48 | K73: 2473.9 | L73: 11851.24 | M73: 17719.41 | N73: 252.05 | O73: 492.35 | P73: 16631.8 | Q73: 35.8 | R73: 307.4 | S73: 0 | T73: 0 | U73: 17719.4 | V73: 0 | W73: 2922.83 | X73: 2485.23 | Y73: 9544.8 | Z73: 2766.55
A74: May 11 - May 17 | B74: 552 | C74: 17857.86 | D74: 5469.41 | E74: 239.64 | F74: 2007.22 | G74: 10141.59 | H74: 2977.56 | I74: 0 | J74: 0 | K74: 2491.85 | L74: 12388.45 | M74: 17857.86 | N74: 343.38 | O74: 497.62 | P74: 16706.44 | Q74: 26.5 | R74: 283.9 | U74: 17857.84 | V74: 0 | W74: 3283.71 | X74: 1694.67 | Y74: 10409.62 | Z74: 2469.86
A75: May 18 - May 24 | B75: 533 | C75: 16072.88 | D75: 5188.95 | E75: 123.36 | F75: 2130.72 | G75: 8629.85 | H75: 2951.54 | I75: 0 | J75: 0 | K75: 2237.41 | L75: 10883.93 | M75: 16072.88 | N75: 373.38 | O75: 401.2 | P75: 15061.05 | Q75: 12 | R75: 225.23 | U75: 16072.86 | V75: 0 | W75: 2471.05 | X75: 2651.99 | Y75: 8945.47 | Z75: 2004.37
A76: May 25 - May 31 | B76: 535 | C76: 15783.72 | D76: 4951.65 | E76: 287.54 | F76: 2308.83 | G76: 8235.7 | H76: 2223.51 | I76: 0 | J76: 0 | K76: 2728.14 | L76: 10832.07 | M76: 15783.72 | N76: 388.75 | O76: 514.44 | P76: 14610.5 | Q76: 35.5 | R76: 234.53 | U76: 15783.72 | V76: 0 | W76: 2009.36 | X76: 2013.06 | Y76: 8532.43 | Z76: 3228.87

Sheet Lebovic
B1: Sales by Sections | H1: Sales by Order Type | N1: Sales by Category | W1: Daily and Hourly Sales (TBD)
B2: Total Bill Count | C2: Net Sales | D2: Remaining | E2: Skip | F2: DD | G2: Uber | H2: Take Out | I2: Delivery | J2: Bar Tab | K2: Dine-In | L2: Online Order | M2: Net Sales | N2: Chickentarian | O2: Drinks | P2: Food (Pizza K) | Q2: Food Court | R2: Smash Ox Burger | S2: KT Icecream | T2: Kabab Wala | U2: Uncategorized | V2: Net Sales | W2: 8AM - 11AM | X2: 11AM - 3PM | Y2: 3PM - 6PM | Z2: 6PM - 11PM | AA2: 11PM-7AM
A3: Dec 30 - Jan 05 2025
A4: Jan 06 - Jan 12 2025
A5: Jan 13 - Jan 19 2025
A6: Jan 20 - Jan 26 2025
A7: Jan 27 - Feb 02 2025
A8: Feb 03 - Feb 09 2025
A9: Feb 10 - Feb 16 2025
A10: Feb 17 - Feb 23 2025
A11: Feb 24 - Mar 02 2025
A12: Mar 03 - Mar 09 2025 | C12: 1380.01 | D12: 1380.01 | E12: 0 | F12: 0 | G12: 0 | H12: 1247.73 | I12: 0 | J12: 0 | K12: 132.28 | L12: 0 | M12: 1380.01 | N12: 0 | O12: 86.75 | P12: 1282.26 | Q12: 11 | S12: 0 | U12: 0 | V12: 1380.01 | W12: 0 | X12: 0 | Y12: 128.97 | Z12: 1058.67 | AA12: 192.37
A13: Mar 10 - Mar 16 2025 | C13: 6551.2 | D13: 6551.2 | E13: 0 | F13: 0 | G13: 0 | H13: 4637.74 | I13: 0 | J13: 0 | K13: 1913.55 | L13: 0 | M13: 6551.29 | N13: 0 | O13: 317.86 | P13: 6124.53 | Q13: 42 | S13: 66.9 | U13: 0 | V13: 6551.29 | W13: 0 | X13: 0 | Y13: 882.4 | Z13: 4356.53 | AA13: 1312.27
A14: Mar 17 - Mar 23 2025 | C14: 6638.67 | D14: 5648.64 | E14: 0 | F14: 378.89 | G14: 611.14 | H14: 3314.56 | I14: 0 | J14: 0 | K14: 2334.08 | L14: 990.03 | M14: 6638.67 | N14: 13.49 | O14: 277.1 | P14: 6123.3 | Q14: 103.99 | S14: 120.79 | U14: 0 | V14: 6638.67 | W14: 0 | X14: 18.5 | Y14: 723.21 | Z14: 4420.88 | AA14: 1476.08
A15: Mar 24 - Mar 30 2025 | C15: 11343.04 | D15: 9146.42 | E15: 45.58 | F15: 643.8 | G15: 1507.24 | H15: 4762.39 | I15: 0 | J15: 0 | K15: 4384.03 | L15: 2196.62 | M15: 11343.04 | N15: 486.84 | O15: 487.77 | P15: 9776.11 | Q15: 223.2 | S15: 369.12 | U15: 0 | V15: 11343.04 | W15: 0 | X15: 413.62 | Y15: 1355.33 | Z15: 6589.31 | AA15: 2984.78
A16: March 31 - April 6 | C16: 12817.57 | D16: 10209.73 | E16: 57.89 | F16: 678.18 | G16: 1871.77 | H16: 4202.86 | I16: 0 | J16: 0 | K16: 6006.92 | L16: 2607.84 | M16: 12817.62 | N16: 714.01 | O16: 679.1 | P16: 11089.96 | Q16: 136.99 | S16: 197.56 | U16: 0 | V16: 12817.62 | W16: 1032.79 | X16: 9768.2 | Y16: =933.46+1083.12
A17: April 7 - April 13 | C17: 11015.91 | D17: 8238.21 | E17: 147.88 | F17: 550.39 | G17: 2079.43 | H17: 3733.3 | I17: 0 | J17: 0 | K17: 4504.91 | L17: 2777.7 | M17: 11015.91 | N17: 742.38 | O17: 501.96 | P17: 9424.48 | Q17: 127 | S17: 220.09 | U17: 0 | V17: 11015.91 | W17: 0 | X17: 1285.79 | Y17: 1647.63 | Z17: 6370 | AA17: =756.92+955.57
A18: April 14 - April 20 | C18: 12911.4 | D18: 10280.08 | E18: 189.09 | F18: 341.64 | G18: 2100.59 | H18: 4157.67 | I18: 0 | J18: 0 | K18: 6122.43 | L18: 2631.32 | M18: 12911.42 | N18: 635.46 | O18: 643 | P18: 11032.1 | Q18: 158 | S18: 442.86 | U18: 0 | V18: 12911.42 | W18: 0 | X18: 995.2 | Y18: 1819.07 | Z18: 7424.23 | AA18: 2672.9
A19: Apr 21 - Apr 27 | C19: 12405.41 | D19: 9891.12 | E19: 275.94 | F19: 356.63 | G19: 1881.72 | H19: 4204.49 | I19: 0 | J19: 0 | K19: 5686.63 | L19: 2514.29 | M19: 12405.41 | N19: 689.53 | O19: 510.15 | P19: 10744.36 | Q19: 168.1 | S19: 293.27 | U19: 0 | V19: 12405.41 | W19: 0 | X19: 1293.52 | Y19: 1720.43 | Z19: 7310.96 | AA19: 2080.5
A20: Apr 28 - May 4 | C20: 11616.92 | D20: 9723.35 | E20: 0 | F20: 429 | G20: 1464.57 | H20: 4204.65 | I20: 0 | J20: 0 | K20: 5518.75 | L20: 1893.57 | M20: 11616.97 | N20: 851.11 | O20: 556.53 | P20: 9865.11 | Q20: 126 | S20: 218.22 | U20: 0 | V20: 11616.97 | W20: 0 | X20: 866.53 | Y20: 1841.87 | Z20: 7242.65 | AA20: 1665.87
A21: May 5 - May 11 | C21: 11836.23 | D21: 9769.66 | E21: 142.18 | F21: 508.31 | G21: 1416.08 | H21: 3993.93 | I21: 0 | J21: 0 | K21: 5775.73 | L21: 2066.57 | M21: 11836.23 | N21: 592.11 | O21: 584.78 | P21: 10158.73 | Q21: 126.5 | S21: 374.11 | U21: 0 | V21: 11836.23 | W21: 0 | X21: 694.75 | Y21: 1508.29 | Z21: 7720.36 | AA21: 1912.83
A22: May 12 - May 18 | C22: 11010.2 | D22: 8491.04 | E22: 121.8 | F22: 523.69 | G22: 1873.67 | H22: 3985.31 | I22: 0 | J22: 0 | K22: 4505.73 | L22: 2519.16 | M22: 11010.2 | N22: 460.69 | O22: 517.25 | P22: 9680.03 | Q22: 111.5 | S22: 240.73 | U22: 0 | V22: 11010.2 | W22: 0 | X22: 1187.53 | Y22: 1579.79 | Z22: 5939.1 | AA22: 2303.78
A23: May 19 - May 25 | C23: 13507.97 | D23: 9697.44 | E23: 217.18 | F23: 712.54 | G23: 2880.81 | H23: 4811.28 | I23: 0 | J23: 0 | K23: 4886.16 | L23: 3810.53 | M23: 13507.97 | N23: 721.52 | O23: 474.44 | P23: 11968.01 | Q23: 106.3 | S23: 237.7 | U23: 0 | V23: 13507.97 | W23: 0 | X23: 1843.54 | Y23: 2149.64 | Z23: 7625.12 | AA23: 1889.67
A24: May 26 - Jun 01 | C24: 11545.8 | D24: 8647.53 | E24: 141.7 | F24: 466.14 | G24: 2290.43 | H24: 4012.01 | I24: 0 | J24: 0 | K24: 4635.58 | L24: 2898.27 | M24: 11545.86 | N24: 642.61 | O24: 525.55 | P24: 10072.5 | Q24: 79 | S24: 226.2 | U24: 0 | V24: 11545.86 | W24: 0 | X24: 1152.88 | Y24: 2090.47 | Z24: 6501.01 | AA24: 1801.44
A25: Jun 02 - Jun 08 | C25: 12047.67 | D25: 9433.31 | E25: 158.94 | F25: 590.33 | G25: 1865.09 | H25: 4098.08 | I25: 0 | J25: 0 | K25: 5335.33 | L25: 2614.36 | M25: 12047.77 | N25: 718.74 | O25: 522.46 | P25: 10316.64 | Q25: 145 | S25: 344.93 | U25: 0 | V25: 12047.77 | W25: 0 | X25: 847.65 | Y25: 1668.79 | Z25: 7532.95 | AA25: 1998.28
A26: Jun 09 - Jun 15 | C26: 13288.84 | D26: 9385.52 | E26: 185.69 | F26: 549.69 | G26: 3167.94 | H26: 4575.7 | I26: 0 | J26: 0 | K26: 4809.78 | L26: 3903.32 | M26: 13288.8 | N26: 530.01 | O26: 662.62 | P26: 11786.18 | Q26: 116 | S26: 193.99 | U26: 0 | V26: 13288.8 | W26: 0 | X26: 1783.7 | Y26: 1485.4 | Z26: 7109.59 | AA26: 2910.15
A27: Jun 16 - Jun 22 | C27: 13103.48 | D27: 10064.45 | E27: 65.2 | F27: 625.54 | G27: 2348.29 | H27: 4810.33 | I27: 0 | J27: 0 | K27: 5254.14 | L27: 3039.03 | M27: 13103.5 | N27: 784.06 | O27: 685.68 | P27: 11311.54 | Q27: 88 | S27: 234.22 | U27: 0 | V27: 13103.5 | W27: 0 | X27: 1450.51 | Y27: 1862.13 | Z27: 7060.14 | AA27: 2730.7
A28: Jun 23 - Jun 29 | C28: 13603.33 | D28: 10254.47 | E28: 167.99 | F28: 515.75 | G28: 2665.12 | H28: 4614.92 | I28: 0 | J28: 0 | K28: 5639.61 | L28: 3348.86 | M28: 13603.39 | N28: 623.59 | O28: 688.25 | P28: 11698.96 | Q28: 117 | S28: 475.59 | U28: 0 | V28: 13603.39 | W28: 0 | X28: 1524.06 | Y28: 1459.79 | Z28: 7699.01 | AA28: 2920.47
A29: Jun 30 - Jul 06 | C29: 14252.5 | D29: 11199.44 | E29: 135.29 | F29: 839.42 | G29: 2078.35 | H29: 5722.97 | I29: 0 | J29: 0 | K29: 5476.43 | L29: 3053.06 | M29: 14252.46 | N29: 767.57 | O29: 653.06 | P29: 12367.32 | Q29: 109.5 | S29: 355.01 | U29: 0 | V29: 14252.46 | W29: 0 | X29: 1006.13 | Y29: 2533.47 | Z29: 7663.73 | AA29: 3049.17
... A35: Aug 11 - Aug 17 | C35: 12114.39 | D35: 9038.79 | E35: 78.18 | F35: 515.1 | G35: 2482.32 | H35: 4744.37 | I35: 0 | J35: 0 | K35: 4294.39 | L35: 3075.6 | M35: 12114.36 | N35: 492.18 | O35: 510.94 | P35: 10501.51 | Q35: 159.5 | S35: 432.24 | U35: 17.99 | V35: 12114.36 | W35: 0 | X35: 1746.28 | Y35: 1339.21 | Z35: 6643.76 | AA35: 2385.14
A36: Aug 18 - Aug 24 | C36: 10627.64 | D36: 7569.74 | E36: 240.1 | F36: 548.85 | G36: 2268.95 | H36: 3927.66 | I36: 0 | J36: 0 | K36: 3642.06 | L36: 3057.9 | M36: 10627.62 | N36: 565.55 | O36: 467.31 | P36: 9187.83 | Q36: 92 | S36: 314.93 | T36: 0 | U36: 0 | V36: 10627.62 | W36: 0 | X36: 1503.71 | Y36: 1381.86 | Z36: 6228.17 | AA36: 1513.9
A37: Aug 25 - Aug 31 | C37: 14046.06 | D37: 10729.44 | E37: 102.3 | F37: 396.59 | G37: 2817.73 | H37: 5395.82 | I37: 0 | J37: 0 | K37: 5333.61 | L37: 3316.62 | M37: 14046.05 | N37: 431.27 | O37: 511.27 | P37: 12489.12 | Q37: 150.3 | S37: 464.09 | T37: 0 | U37: 0 | V37: 14046.05 | W37: 0 | X37: 2316.37 | Y37: 1600.71 | Z37: 7155.64 | AA37: 2973.34
A38: Sep 01 - Sep 07 | C38: 10806.05 | D38: 7596.4 | E38: 83.2 | F38: 364.3 | G38: 2762.15 | H38: 3629.19 | I38: 0 | J38: 0 | K38: 3967.17 | L38: 3209.65 | M38: 10806.01 | N38: 383.73 | O38: 404.47 | P38: 9648.34 | Q38: 98 | S38: 259.47 | T38: 0 | U38: 12 | V38: 10806.01 | W38: 0 | X38: 1399.63 | Y38: 1427.37 | Z38: 6585.87 | AA38: 1393.18
A39: Sep 08 - Sep 14 | C39: 10568.22 | D39: 7718.52 | E39: 96.7 | F39: 389.75 | G39: 2363.25 | H39: 4049.76 | I39: 0 | J39: 0 | K39: 3668.76 | L39: 2849.7 | M39: 10568.22 | N39: 352.28 | O39: 473.02 | P39: 9174.12 | Q39: 105 | R39: 220.27 | S39: 231.53 | T39: 0 | U39: 12 | V39: 10568.22 | W39: 29.97 | X39: 1456.88 | Y39: 1197.83 | Z39: 6155.08 | AA39: 1728.46
A40: Sep 15 - Sep 21 | C40: 11221.66 | D40: 8565.72 | E40: 27.47 | F40: 377.71 | G40: 2250.76 | H40: 4605.58 | I40: 0 | J40: 0 | K40: 3960.12 | L40: 2655.94 | M40: 11221.64 | N40: 223.83 | O40: 510.17 | P40: 10100.51 | Q40: 55.5 | R40: 134.86 | S40: 196.77 | T40: 0 | U40: 0 | V40: 11221.64 | W40: 0 | X40: 1051.48 | Y40: 1576.11 | Z40: 6597.95 | AA40: 1996.12
A41: Sep 22 - Sep 28 | C41: 13726.19 | D41: 10686.02 | E41: 50.4 | F41: 524.32 | G41: 2465.45 | H41: 4426.14 | I41: 0 | J41: 0 | K41: 6238.87 | L41: 3040.17 | M41: 13705.18 | N41: 627.07 | O41: 659.7 | P41: 11824.6 | Q41: 125.5 | R41: 188.81 | S41: 255.52 | T41: 0 | U41: 23.98 | V41: 13705.18 | W41: 0 | X41: 1450.19 | Y41: 2150.18 | Z41: 7490.21 | AA41: 2635.61
A42: Sep 29 - Oct 05 | C42: 12502 | D42: 10063.39 | E42: 78.39 | F42: 369.19 | G42: 1991.03 | H42: 4801.38 | I42: 0 | J42: 0 | K42: 5194.8 | L42: 2505.81 | M42: 12501.99 | N42: 689.92 | O42: 641.89 | P42: 10517.76 | Q42: 121.5 | R42: 275.73 | S42: 255.19 | T42: 0 | U42: 0 | V42: 12501.99 | W42: 0 | X42: 1156.75 | Y42: 1707.79 | Z42: 7713.21 | AA42: 1924.25
A43: Oct 06 - Oct 12 | C43: 11585.27 | D43: 9743.01 | E43: 78 | F43: 261.59 | G43: 1502.67 | H43: 4830.49 | I43: 0 | J43: 0 | K43: 4912.47 | L43: 1842.26 | M43: 11585.22 | N43: 421.21 | O43: 609.01 | P43: 10088.64 | Q43: 87.5 | R43: 202.8 | S43: 152.06 | T43: 0 | U43: 24 | V43: 11585.22 | W43: 0 | X43: 1004.58 | Y43: 2224.42 | Z43: 6419.53 | AA43: 1936.74
A44: Oct 13 - Oct 19 | C44: 12267.53 | D44: 9529.43 | E44: 69.67 | F44: 408.22 | G44: 2260.21 | H44: 4924.4 | I44: 0 | J44: 0 | K44: 4525.82 | L44: 2817.3 | M44: 12267.52 | N44: 844.8 | O44: 534.67 | P44: 10394.75 | Q44: 66.5 | R44: 173.83 | S44: 240.97 | T44: 0 | U44: 12 | V44: 12267.52 | W44: 0 | X44: 1283.27 | Y44: 2464.47 | Z44: 7032.69 | AA44: 1487.1
A45: Oct 20 - Oct 26 | B45: 440 | C45: 11353.63 | D45: 8658.4 | E45: 85.19 | F45: 495.24 | G45: 2114.8 | H45: 2114.8 | I45: 0 | J45: 0 | K45: 3436.4 | L45: 2767.21 | M45: 11353.63 | N45: 615.43 | O45: 433.34 | P45: 9800.18 | Q45: 88.9 | R45: 262.23 | S45: 135.56 | T45: 0 | U45: 17.99 | V45: 11353.63 | W45: 0 | X45: 1233.82 | Y45: 1987.39 | Z45: 6795.53 | AA45: 1336.89
A46: Oct 27 - Nov 02 | B46: 387 | C46: 10660.12 | D46: 8633.73 | E46: 53.79 | F46: 283.42 | G46: 1689.18 | H46: 4248.58 | I46: 0 | J46: 0 | K46: 3980.6 | L46: 2430.94 | M46: 10660.12 | N46: 604.79 | O46: 474.76 | P46: 9224.78 | Q46: 87.5 | R46: 129.36 | S46: 132.94 | T46: 0 | U46: 5.99 | V46: 10660.12 | W46: 0 | X46: 741.27 | Y46: 2035.41 | Z46: 6427.83 | AA46: 1455.61
A47: Nov 03 - Nov 09 | B47: 378 | C47: 10213.17 | D47: 8370.76 | E47: 22.8 | F47: 346.46 | G47: 1473.15 | H47: 3728.59 | I47: 0 | J47: 0 | K47: 3590.29 | L47: 2894.27 | M47: 10213.15 | N47: 682.76 | O47: 444.76 | P47: 8594.08 | Q47: 44.5 | R47: 277.78 | S47: 163.28 | T47: 0 | U47: 5.99 | V47: 10213.15 | W47: 24 | X47: 1209.6 | Y47: 1518.26 | Z47: 6040.65 | AA47: 1420.66
A48: Nov 10 - Nov 16 | B48: 450 | C48: 12210.21 | D48: 9605.41 | E48: 37.49 | F48: 283.32 | G48: 2283.99 | H48: 4847.28 | I48: 0 | J48: 0 | K48: 4442.61 | L48: 2920.31 | M48: 12210.2 | N48: 921.1 | O48: 471.01 | P48: 10316.48 | Q48: 151 | R48: 124.87 | S48: 201.74 | T48: 0 | U48: 24 | V48: 12210.2 | W48: 0 | X48: 1120.64 | Y48: 1944.34 | Z48: 7814.88 | AA48: 1330.35
A49: Nov 17 - Nov 23 | B49: 391 | C49: 10311.41 | D49: 8293.94 | E49: 95.2 | F49: 505.32 | G49: 1416.95 | H49: 4301.34 | I49: 0 | J49: 0 | K49: 3749.95 | L49: 2260.11 | M49: 10311.4 | N49: 672.56 | O49: 462.85 | P49: 8808.27 | Q49: 73.5 | R49: 208.3 | S49: 73.92 | T49: 0 | U49: 12 | V49: 10311.4 | W49: 0 | X49: 1172 | Y49: 1508.15 | Z49: 5817.97 | AA49: 1813.29
A50: Nov 24 - Nov 30 | B50: 397 | C50: 10409.25 | D50: 8316.54 | E50: 145.23 | F50: 528.82 | G50: 1418.66 | H50: 4351.83 | I50: 0 | J50: 0 | K50: 3473.98 | L50: 2583.42 | M50: 10409.23 | N50: 737.01 | O50: 359.71 | P50: 8735.73 | Q50: 108.5 | R50: 287.71 | S50: 156.57 | T50: 0 | U50: 24 | V50: 10409.23 | W50: 0 | X50: 1254.39 | Y50: 1914.95 | Z50: 6042.74 | AA50: 1197.17
A51: Dec 01 - Dec 07 | B51: 412 | C51: 10493.36 | D51: 8005.99 | E51: 102.89 | F51: 625.31 | G51: 1759.17 | H51: 4694.5 | I51: 0 | J51: 0 | K51: 3059.35 | L51: 2739.52 | M51: 10493.37 | N51: 878.3 | O51: 378.32 | P51: 8797.17 | Q51: 87.5 | R51: 227.46 | S51: 100.62 | T51: 0 | U51: 24 | V51: 10493.37 | W51: 0 | X51: 1602.2 | Y51: 1540.4 | Z51: 5099.76 | AA51: 2251
A52: Dec 08 - Dec 14 | B52: 354 | C52: 9574.7 | D52: 6988.28 | E52: 35.98 | F52: 411.48 | G52: 2138.96 | H52: 3377.6 | I52: 0 | J52: 0 | K52: 3261.48 | L52: 2935.58 | M52: 9574.66 | N52: 634.59 | O52: 285.57 | P52: 8309.98 | Q52: 52.5 | R52: 157.54 | S52: 113.48 | T52: 0 | U52: 21 | V52: 9574.66 | W52: 0 | X52: 915.53 | Y52: 1751.23 | Z52: 5910.87 | AA52: 997.07
A53: Dec 15 - Dec 21 | B53: 392 | C53: 11100.22 | D53: 7883.06 | E53: 44.4 | F53: 280.92 | G53: 2891.84 | H53: 3909.17 | I53: 0 | J53: 0 | K53: 3875.23 | L53: 3315.82 | M53: 11100.22 | N53: 747.14 | O53: 400.94 | P53: 9477.69 | Q53: 75.45 | R53: 201.12 | S53: 185.88 | T53: 0 | U53: 12 | V53: 11100.22 | W53: 0 | X53: 1475.88 | Y53: 1786.83 | Z53: 6100.41 | AA53: 1737.1
A54: Dec 22 - Dec 28 | B54: 470 | C54: 13348.99 | D54: 233.78 | E54: 544.38 | F54: 2754.63 | G54: 9816.2 | H54: 5354.2 | I54: 0 | J54: 0 | K54: 4275.29 | L54: 3719.45 | M54: 13348.94 | N54: 991.18 | O54: 491.73 | P54: 11259.47 | Q54: 113.99 | R54: 312.19 | S54: 161.41 | T54: 6.99 | U54: 11.98 | V54: 13348.94 | W54: 0 | X54: 1189.13 | Y54: 2410.17 | Z54: 7412.45 | AA54: 2337.24
A55: Dec 29 - Jan 04 | B55: 509 | C55: 14174.79 | D55: 10161.11 | E55: 123.47 | F55: 844.95 | G55: 3045.26 | H55: 5268 | I55: 0 | J55: 0 | K55: 4801.91 | L55: 4104.87 | M55: 14174.78 | N55: 862.19 | O55: 564.06 | P55: 12012.67 | Q55: 109 | R55: 225.26 | S55: 377.62 | T55: 0 | U55: 23.98 | V55: 14174.78 | W55: 0 | X55: 1266.15 | Y55: 1997.73 | Z55: 8156.85 | AA55: 2754.06
A56: Jan 05 - Jan 11 | B56: 326 | C56: 9132.32 | D56: 6961.69 | E56: 132.39 | F56: 268.76 | G56: 1769.48 | H56: 3633.64 | I56: 0 | J56: 0 | K56: 2977.59 | L56: 2521.06 | M56: 9132.29 | N56: 618.8 | O56: 244.81 | P56: 7844.74 | Q56: 95.5 | R56: 172.32 | S56: 144.14 | T56: 0 | U56: 11.98 | V56: 9132.29 | W56: 0 | X56: 988.86 | Y56: 1206.04 | Z56: 5312.37 | AA56: 1625.05
A57: Jan 12 - Jan 18 | B57: 374 | C57: 10109.78 | D57: 7388.68 | E57: 211.98 | F57: 470.29 | G57: 2038.83 | H57: 3813.66 | I57: 0 | J57: 0 | K57: 3300.84 | L57: 2995.25 | M57: 10109.75 | N57: 737.86 | O57: 410.74 | P57: 8627.51 | Q57: 42 | R57: 129.78 | S57: 161.86 | T57: 0 | U57: 0 | V57: 10109.75 | W57: 0 | X57: 1330.78 | Y57: 1375.09 | Z57: 5784.66 | AA57: 1619.25
A58: Jan 19 - Jan 25 | B58: 301 | C58: 8631.54 | D58: 6645.18 | E58: 253.76 | F58: 302.54 | G58: 1430.06 | H58: 3479.6 | I58: 0 | J58: 0 | K58: 2533.52 | L58: 2618.42 | M58: 8631.54 | N58: 574.61 | O58: 257.56 | P58: 7423.19 | Q58: 115.5 | R58: 166.03 | S58: 88.66 | T58: 0 | U58: 5.99 | V58: 8631.54 | W58: 0 | X58: 988.04 | Y58: 1757.3 | Z58: 4613.39 | AA58: 1272.81
A59: Jan 26 - Feb 01 | B59: 355 | C59: 9920.48 | D59: 7232.29 | E59: 38.8 | F59: 364.06 | G59: 2285.33 | H59: 3215.92 | I59: 0 | J59: 0 | K59: 3422.2 | L59: 3282.34 | M59: 9920.46 | N59: 628.43 | O59: 378.18 | P59: 8627.34 | Q59: 73.5 | R59: 93.21 | S59: 106.82 | T59: 6.99 | U59: 5.99 | V59: 9920.46 | W59: 0 | X59: 1239 | Y59: 1717.7 | Z59: 5450.26 | AA59: 1513.52
A60: Feb 02 - Feb 08 | B60: 340 | C60: 10298.02 | D60: 7671.6 | E60: 38.8 | F60: 580.2 | G60: 2007.42 | H60: 4256.31 | I60: 0 | J60: 0 | K60: 2769.99 | L60: 3271.71 | M60: 10298.01 | N60: 561.52 | O60: 391.2 | P60: 9024.15 | Q60: 62.5 | R60: 193.21 | S60: 65.43 | T60: 0 | U60: 0 | V60: 10298.01 | W60: 0 | X60: 1451.61 | Y60: 1988.21 | Z60: 5674.55 | AA60: 1183.65
A61: Feb 09 - Feb 15 | B61: 425 | C61: 13203.56 | D61: 10525.45 | E61: 38.5 | F61: 386.83 | G61: 2252.78 | H61: 4772.62 | I61: 0 | J61: 0 | K61: 5014.3 | L61: 3416.64 | M61: 13203.56 | N61: 756.92 | O61: 601.69 | P61: 11174.78 | Q61: 118 | R61: 220.4 | S61: 331.77 | T61: 0 | U61: 0 | V61: 13203.56 | W61: 0 | X61: 1286.08 | Y61: 2058.42 | Z61: 7956.75 | AA61: 1902.31
A62: Feb 16 - Feb 22 | B62: 298 | C62: 8212.1 | D62: 6364.25 | E62: 86.96 | F62: 409.04 | G62: 1351.85 | H62: 3292.45 | I62: 0 | J62: 0 | K62: 2721.83 | L62: 2197.82 | M62: 8212.1 | N62: 439.11 | O62: 337.86 | P62: 7077.36 | Q62: 29.75 | R62: 147.17 | S62: 171.85 | T62: 0 | U62: 9 | V62: 8212.1 | W62: 0 | X62: 395.93 | Y62: 2279.7 | Z62: 4069.15 | AA62: 1467.32
A63: Feb 23 - Mar 01 | B63: 322 | C63: 9428.01 | D63: 7184.93 | E63: 186.27 | F63: 590.69 | G63: 1466.12 | H63: 3483.27 | I63: 0 | J63: 0 | K63: 3435.48 | L63: 2509.28 | M63: 9428.03 | N63: 444.8 | O63: 369.68 | P63: 7896.14 | Q63: 77.5 | R63: 483.24 | S63: 156.67 | T63: 0 | U63: 0 | V63: 9428.03 | W63: 0 | X63: 298.97 | Y63: 2795.04 | Z63: 4055.62 | AA63: 2278.38
A64: Mar 02 - Mar 08 | B64: 291 | C64: 8102.06 | D64: 6102.38 | E64: 65 | F64: 315.67 | G64: 1619.01 | H64: 3519.62 | I64: 0 | J64: 0 | K64: 2582.75 | L64: 1999.68 | M64: 8102.05 | N64: 375.41 | O64: 344.59 | P64: 7082.75 | Q64: 42 | R64: 129.07 | S64: 128.23 | T64: 0 | U64: 0 | V64: 8102.05 | W64: 0 | X64: 288.4 | Y64: 2331.99 | Z64: 3864.97 | AA64: 1616.7
A65: Mar 09 - Mar 15 | B65: 372 | C65: 10044.13 | D65: 6942.44 | E65: 30.3 | F65: 391.9 | G65: 2679.49 | H65: 3968.14 | I65: 0 | J65: 0 | K65: 2943.71 | L65: 3132.28 | M65: 10044.13 | N65: 572.67 | O65: 376.06 | P65: 8463.57 | Q65: 98 | R65: 358 | S65: 175.83 | T65: 0 | U65: 0 | V65: 10044.13 | W65: 0 | X65: 274.53 | Y65: 1784.37 | Z65: 5565.58 | AA65: 2419.65
A66: Mar 16 - Mar 22 | B66: 516 | C66: 14580.6 | D66: 10611.56 | E66: 106.77 | F66: 486.22 | G66: 3376.05 | H66: 4740.08 | I66: 0 | J66: 0 | K66: 5853.45 | L66: 3987.04 | M66: 14580.57 | N66: 689.13 | O66: 664.36 | P66: 12362.65 | Q66: 136.5 | R66: 492.71 | S66: 235.22 | T66: 0 | U66: 0 | V66: 14580.57 | W66: 0 | X66: 923.81 | Y66: 1527.54 | Z66: 8787.7 | AA66: 3341.55
... A72: Apr 27 - May 03 | B72: 396 | C72: 10803.26 | D72: 8249.38 | E72: 81.39 | F72: 308.26 | G72: 2164.23 | H72: 2801.55 | I72: 1866.46 | J72: 0 | K72: 3581.37 | L72: 2553.88 | M72: 10803.26 | N72: 384.01 | O72: 512.71 | P72: 9278.03 | Q72: 136.5 | R72: 324.69 | S72: 167.32 | T72: 0 | U72: 0 | V72: 10803.26 | W72: 0 | X72: 895.61 | Y72: 1709.93 | Z72: 6575.71 | AA72: 1622.01
A73: May 4 - May 10 | B73: 394 | C73: 10497.02 | D73: 7772.05 | E73: 119.09 | F73: 476.99 | G73: 2128.89 | H73: 2666.95 | I73: 1330.61 | J73: 0 | K73: 3774.49 | L73: 2724.97 | M73: 10497.02 | N73: 392.77 | O73: 447.49 | P73: 9263.69 | Q73: 100.99 | R73: 156.36 | S73: 135.7 | T73: 0 | U73: 0 | V73: 10497 | W73: 0 | X73: 936.61 | Y73: 1741.61 | Z73: 6127.48 | AA73: 1691.32
A74: May 11 - May 17 | B74: 390 | C74: 11973.59 | D74: 8866.52 | E74: 149.06 | F74: 226.85 | G74: 2731.16 | H74: 2525.57 | I74: 2934.72 | J74: 0 | K74: 3406.23 | L74: 3107.07 | M74: 11973.59 | N74: 769.04 | O74: 431.96 | P74: 10214.68 | Q74: 66.5 | R74: 327.32 | S74: 164.09 | V74: 11973.59 | W74: 0 | X74: 1106.52 | Y74: 1668.63 | Z74: 7388.85 | AA74: 1809.59
A75: May 18 - May 24 | B75: 353 | C75: 9828.87 | D75: 7591.52 | E75: 43.18 | F75: 269.68 | G75: 1924.49 | H75: 2074.83 | I75: 1850.53 | J75: 0 | K75: 3666.16 | L75: 2237.35 | M75: 9828.87 | N75: 659.03 | O75: 323.44 | P75: 8477.23 | Q75: 38.5 | R75: 182.32 | S75: 148.35 | V75: 9828.87 | W75: 0 | X75: 852.04 | Y75: 1744.75 | Z75: 5801.2 | AA75: 1430.88
A76: May 25 - May 31 | B76: 428 | C76: 12986.95 | D76: 9346.61 | E76: 118.77 | F76: 401.43 | G76: 3120.14 | H76: 2175.16 | I76: 3128.84 | J76: 0 | K76: 4042.61 | L76: 3640.34 | M76: 12986.95 | N76: 571 | O76: 500.3 | P76: 11272.61 | Q76: 94.5 | R76: 288.82 | S76: 259.72 | V76: 12986.95 | W76: 0 | X76: 1173.35 | Y76: 1649.23 | Z76: 8048.41 | AA76: 2115.96

Sheet Kababwala - Queen
B1: Sales by Sections | H1: Sales by Order Type | N1: Sales By Category | V1: Daily and Hourly Sales (TBD)
B2: Total Bill Count | C2: Net Sales | D2: Remaining | E2: Skip | F2: DD | G2: Uber | H2: Take Out | I2: Delivery | J2: Bar Tab | K2: Dine-In | L2: Online Order | M2: Net Sales | N2: Drinks | O2: Food | P2: Food Court | Q2: Kabab Wala | R2: Smash Ox Burger | S2: KT Icecream | T2: Food Highway | U2: Net Sales | V2: 8AM - 11AM | W2: 11AM - 3PM | X2: 3PM - 6PM | Y2: 6PM - 11PM | Z2: 11PM-7AM
A3: Dec 30 - Jan 05 2025
A4: Jan 06 - Jan 12 2025
